Player,Team,Pos,G,AB,P/PA,Bunts,GIDP,IBB,BB,K,BB%,BB-K%,BB/K,CT%,SBO%,AVG,BABIP,wOBA,GB%,LD%,FB%,HR/FB%
Whit Merrifield,KC,2B,60,248,3.76,4,3,0,12,33,4.5,-7.9,0.36,86.7,24.6,.282,.296,.344,37.4,25.1,37.4,12.3
Jose Abreu,CWS,1B,60,240,3.91,0,10,1,18,59,6.9,-15.6,0.31,75.4,0.0,.317,.352,.425,44.2,23.8,32.0,32.8
Dansby Swanson,ATL,SS,60,237,4.00,1,0,0,22,71,8.3,-18.6,0.31,70.0,8.1,.274,.353,.358,37.0,24.2,38.8,15.6
Francisco Lindor,CLE,SS,60,236,4.20,6,8,2,24,41,9,-6.4,0.59,82.6,12.5,.258,.283,.329,38.5,25.6,35.9,11.4
Trevor Story,COL,SS,59,235,3.99,1,5,1,24,63,9.3,-15.1,0.38,73.2,28.1,.289,.354,.394,28.3,23.0,48.7,14.9
Cesar Hernandez,CLE,2B,58,233,4.12,18,3,0,24,57,9.2,-12.7,0.42,75.5,0.0,.283,.364,.339,48.5,23.7,27.8,6.4
Trea Turner,WAS,SS,59,233,3.98,0,5,0,22,36,8.5,-5.4,0.61,84.5,23.2,.335,.357,.416,45.3,20.4,34.3,16.1
Rafael Devers,BOS,3B,57,232,3.95,4,8,0,13,67,5.2,-21.8,0.19,71.1,0.0,.263,.325,.373,42.7,20.0,37.3,19.6
Marcell Ozuna,ATL,OF,60,228,4.01,0,3,3,38,60,14.2,-8.2,0.63,73.7,0.0,.338,.393,.425,37.3,22.0,40.7,24.6
Manny Machado,SD,3B,60,224,3.68,0,9,4,26,37,10.2,-4.3,0.70,83.5,13.8,.304,.304,.405,37.4,22.1,40.5,20.8
Fernando Tatis,SD,SS,59,224,3.84,3,6,1,27,61,10.5,-13.2,0.44,72.8,23.7,.277,.308,.404,48.1,16.7,35.2,29.8
Maikel Franco,KC,3B,60,223,3.88,0,4,1,16,38,6.6,-9.1,0.42,83.0,1.9,.278,.305,.340,46.2,18.3,35.5,12.1
Javier Baez,CHC,SS,59,222,3.87,5,8,0,7,75,3,-28.9,0.09,66.2,8.8,.203,.266,.264,49.3,18.1,32.6,17.0
Charlie Blackmon,COL,OF,59,221,3.66,6,4,4,19,44,7.7,-10.1,0.43,80.1,4.5,.303,.357,.355,35.0,28.7,36.3,10.5
Vladimir Guerrero,TOR,1B,60,221,3.73,0,6,1,20,38,8.2,-7.4,0.53,82.8,1.9,.262,.282,.342,55.0,17.8,27.2,16.3
Cavan Biggio,TOR,2B,59,220,4.20,4,2,0,41,61,15.5,-7.6,0.67,72.3,8.3,.250,.311,.349,39.2,22.4,38.5,10.9
Mookie Betts,LAD,OF,55,219,3.78,0,2,1,24,38,9.8,-5.7,0.63,82.6,19.4,.292,.291,.399,32.4,21.4,46.2,19.0
Hanser Alberto,BAL,2B,54,219,3.29,18,6,0,5,30,2.2,-10.8,0.17,86.3,6.1,.283,.317,.308,44.6,23.8,31.5,5.7
Adalberto Mondesi,KC,SS,59,219,3.63,19,4,0,11,70,4.7,-25.3,0.16,68.0,68.1,.256,.350,.250,49.2,10.7,40.2,8.2
Jose Ramirez,CLE,3B,58,219,4.51,1,2,0,31,43,12.2,-4.7,0.72,80.4,21.3,.292,.296,.419,29.4,19.0,51.5,20.2
Nick Castellanos,CIN,OF,60,218,3.99,0,5,1,19,69,7.9,-20.7,0.28,68.3,4.9,.225,.259,.342,34.5,26.4,39.2,24.1
Christian Walker,ARI,1B,57,218,3.96,0,6,0,19,50,7.8,-12.8,0.38,77.1,3.8,.271,.323,.351,41.9,25.2,32.9,11.8
Keston Hiura,MIL,2B,59,217,4.02,0,7,2,16,85,6.5,-28.0,0.19,60.8,11.1,.212,.277,.325,42.5,20.8,36.7,29.5
Andrew McCutchen,PHI,OF,57,217,4.04,0,4,0,22,48,9.1,-10.8,0.46,77.9,6.9,.253,.283,.339,34.7,22.2,43.1,13.9
Randal Grichuk,TOR,OF,55,216,3.70,0,5,1,13,49,5.6,-15.6,0.27,77.3,3.9,.273,.303,.330,40.3,22.7,37.0,17.5
Didi Gregorius,PHI,SS,60,215,3.78,6,4,3,15,28,6.3,-5.5,0.54,87.0,9.3,.284,.288,.358,34.8,21.2,44.0,12.3
Trent Grisham,SD,OF,59,215,4.14,10,1,0,31,64,12.4,-13.1,0.48,70.2,17.2,.251,.312,.356,40.7,24.8,34.5,20.0
Freddie Freeman,ATL,1B,60,214,3.90,0,6,7,45,37,17.2,3.1,1.22,82.7,2.5,.341,.366,.465,31.6,31.1,37.3,19.7
Cody Bellinger,LAD,1B,56,213,3.98,1,4,2,30,42,12.3,-4.9,0.71,80.3,11.9,.239,.245,.345,37.6,21.8,40.6,17.4
Eloy Jimenez,CWS,OF,55,213,3.56,0,4,0,12,56,5.3,-19.5,0.21,73.7,0.0,.296,.343,.384,52.3,19.4,28.4,31.8
Luke Voit,NYY,1B,56,213,3.89,0,4,0,17,54,7.3,-15.8,0.31,74.6,0.0,.277,.270,.410,39.9,20.3,39.9,34.9
Corey Seager,LAD,SS,52,212,3.48,0,8,0,17,37,7.3,-8.6,0.46,82.5,1.9,.307,.313,.411,38.2,23.1,38.7,22.4
Marcus Semien,OAK,SS,53,211,4.17,1,3,0,25,50,10.6,-10.6,0.50,76.3,7.3,.223,.260,.304,32.9,20.5,46.6,9.3
Yuli Gurriel,HOU,1B,57,211,3.43,0,6,0,12,27,5.2,-6.5,0.44,87.2,2.4,.232,.242,.288,38.4,18.9,42.7,7.6
J.D. Martinez,BOS,DH,54,211,3.78,0,6,3,22,59,9.3,-15.6,0.37,72.0,2.3,.213,.262,.293,34.7,22.0,43.3,9.2
Isiah Kiner-Falefa,TEX,SS,58,211,3.50,1,6,0,14,32,6.1,-7.9,0.44,84.8,20.6,.280,.318,.315,61.6,16.4,22.0,7.7
Franmil Reyes,CLE,DH,59,211,4.07,0,6,0,24,69,10,-18.7,0.35,67.3,0.0,.275,.368,.344,51.4,16.7,31.9,17.4
Matt Olson,OAK,1B,60,210,4.09,4,2,2,34,77,13.9,-17.6,0.44,63.3,1.8,.195,.227,.331,35.5,19.0,45.5,25.5
Eddie Rosario,MIN,OF,57,210,3.58,4,3,2,19,34,8.2,-6.5,0.56,83.8,7.5,.257,.252,.347,35.3,18.5,46.2,16.3
Jorge Polanco,MIN,SS,55,209,3.99,4,7,0,13,35,5.8,-9.7,0.37,83.3,10.9,.258,.294,.298,35.8,24.9,39.3,5.9
Kyle Tucker,HOU,OF,58,209,3.78,1,2,2,18,46,7.9,-12.3,0.39,78.0,19.1,.268,.305,.369,38.1,20.4,41.5,14.8
Adam Frazier,PIT,2B,58,209,3.85,6,3,0,17,35,7.4,-7.8,0.49,83.3,7.8,.230,.246,.291,44.4,20.7,34.9,11.9
Nick Solak,TEX,2B,58,209,3.84,1,6,0,18,42,7.7,-10.3,0.43,79.9,12.9,.268,.327,.300,48.8,17.1,34.1,3.4
Pete Alonso,NYM,1B,57,208,3.89,0,4,4,24,61,10,-15.5,0.39,70.7,2.0,.231,.244,.335,39.6,17.4,43.1,22.6
Lourdes Gurriel,TOR,OF,57,208,3.70,0,7,0,14,48,6.3,-15.2,0.29,76.9,7.5,.308,.356,.362,41.8,25.3,32.9,19.2
Tim Anderson,CWS,SS,49,208,3.56,0,4,0,10,50,4.5,-18.1,0.20,76.0,12.7,.322,.385,.385,54.7,18.9,26.4,23.8
David Fletcher,LAA,2B,49,207,3.93,2,4,0,20,25,8.7,-2.2,0.80,87.9,4.3,.319,.352,.360,53.3,25.6,21.1,7.9
Kyle Lewis,SEA,OF,58,206,4.06,0,5,0,34,71,14,-15.3,0.48,65.5,8.1,.262,.347,.369,42.7,20.6,36.6,22.9
Carlos Santana,CLE,1B,60,206,4.40,2,5,1,47,43,18.4,1.6,1.09,79.1,0.0,.199,.213,.304,42.9,17.4,39.8,10.9
Miguel Cabrera,DET,DH,57,204,3.91,0,3,1,24,51,10.4,-11.7,0.47,75.0,1.6,.250,.287,.329,41.9,26.5,31.6,20.4
J.P. Crawford,SEA,SS,53,204,4.02,2,4,0,23,39,9.9,-6.9,0.59,80.9,14.1,.255,.307,.303,43.2,23.5,33.3,3.7
Tommy Edman,STL,2B,55,204,3.86,3,5,0,16,48,7,-14.1,0.33,76.5,11.1,.250,.305,.312,51.3,23.1,25.6,12.5
David Peralta,ARI,OF,54,203,3.77,0,4,0,13,45,6,-14.7,0.29,77.8,1.7,.300,.366,.339,49.4,21.9,28.8,10.9
Max Muncy,LAD,2B,58,203,4.40,0,3,2,39,60,15.7,-8.5,0.65,70.4,1.6,.192,.206,.326,43.4,14.0,42.7,19.7
Anthony Rizzo,CHC,1B,58,203,4.05,4,6,4,28,38,11.5,-4.1,0.74,81.3,7.1,.222,.221,.332,38.2,24.2,37.6,17.7
Kyle Seager,SEA,3B,60,203,3.88,0,4,3,32,33,12.9,-0.4,0.97,83.7,8.3,.241,.248,.337,37.3,17.4,45.3,9.6
Eduardo Escobar,ARI,3B,54,203,3.65,1,5,4,15,41,6.8,-11.7,0.37,79.8,2.3,.212,.247,.246,38.1,20.4,41.5,6.6
Xander Bogaerts,BOS,SS,56,203,4.28,0,3,2,21,41,9.3,-8.9,0.51,79.8,12.7,.300,.331,.367,46.0,18.0,36.0,17.2
Michael Conforto,NYM,OF,54,202,4.00,0,6,0,24,57,10.3,-14.2,0.42,71.8,8.8,.322,.412,.407,41.4,30.3,28.3,22.0
Victor Reyes,DET,OF,57,202,3.80,3,4,0,9,45,4.2,-16.9,0.20,77.7,19.2,.277,.340,.314,45.4,25.7,28.9,9.1
Luis Robert,CWS,OF,56,202,3.89,1,4,0,20,73,8.9,-23.6,0.27,63.9,22.9,.233,.305,.330,38.3,18.3,43.3,21.2
Alex Verdugo,BOS,OF,53,201,4.18,1,4,1,17,45,7.7,-12.7,0.38,77.6,7.0,.308,.373,.368,52.2,20.4,27.4,14.0
Carlos Correa,HOU,SS,58,201,3.93,0,4,2,16,49,7.2,-14.9,0.33,75.6,0.0,.264,.327,.313,49.7,20.9,29.4,11.1
Christian Yelich,MIL,OF,58,200,4.45,0,4,2,46,76,18.6,-12.1,0.61,62.0,9.0,.205,.259,.345,51.6,18.9,29.5,33.3
Brian Anderson,MIA,3B,59,200,3.86,0,2,1,22,66,9.6,-19.2,0.33,67.0,0.0,.255,.325,.360,49.2,21.3,29.5,25.0
Yoan Moncada,CWS,3B,52,200,4.25,5,1,0,28,72,12.1,-19.0,0.39,64.0,0.0,.225,.320,.303,39.8,24.6,35.6,11.9
Mike Trout,LAA,OF,53,199,4.24,0,1,4,35,56,14.5,-8.7,0.63,71.9,3.2,.281,.310,.421,23.9,25.4,50.7,22.2
Nick Ahmed,ARI,SS,57,199,3.83,4,3,0,18,46,8.3,-12.9,0.39,76.9,7.3,.266,.324,.323,50.4,19.4,30.2,11.9
Eugenio Suarez,CIN,3B,57,198,4.32,0,5,1,30,67,13,-16.0,0.45,66.2,4.3,.202,.216,.348,34.5,18.5,47.1,25.0
Wil Myers,SD,OF,55,198,3.87,8,0,0,18,56,8.3,-17.4,0.32,71.7,6.8,.288,.331,.411,38.3,23.4,38.3,27.8
Wilmer Flores,SF,2B,55,198,4.19,0,5,1,13,36,6.1,-10.8,0.36,81.8,2.4,.268,.273,.353,32.5,23.8,43.8,15.7
Ian Happ,CHC,OF,57,198,4.07,1,1,1,30,63,13,-14.3,0.48,68.2,7.0,.258,.317,.377,45.2,22.2,32.6,27.3
AJ Pollock,LAD,OF,55,196,3.54,1,6,1,12,45,5.7,-15.7,0.27,77.0,9.8,.276,.281,.354,40.0,20.7,39.3,23.7
DJ LeMahieu,NYY,2B,50,195,3.84,0,3,0,18,21,8.3,-1.4,0.86,89.2,4.5,.364,.372,.434,57.0,21.5,21.5,27.0
Josh Bell,PIT,1B,57,195,3.84,0,3,4,22,59,9.9,-16.6,0.37,69.7,0.0,.226,.281,.292,55.7,18.6,25.7,22.2
Renato Nunez,BAL,1B,52,195,4.13,0,4,0,17,64,7.9,-21.8,0.27,67.2,0.0,.256,.319,.355,31.8,23.5,44.7,20.3
Corey Dickerson,MIA,OF,52,194,4.08,0,5,1,15,35,7.2,-9.6,0.43,82.0,3.8,.258,.283,.317,51.0,14.2,34.8,13.0
Joey Gallo,TEX,OF,57,193,4.20,6,0,2,29,79,12.8,-22.1,0.37,59.1,4.3,.181,.240,.311,28.0,17.2,54.8,19.6
Evan Longoria,SF,3B,53,193,3.80,0,10,0,11,39,5.3,-13.4,0.28,79.8,2.4,.254,.286,.316,49.4,18.2,32.5,14.0
Brandon Lowe,TB,2B,56,193,3.94,1,2,0,25,58,11.2,-14.7,0.43,69.9,5.8,.269,.314,.398,33.1,23.5,43.4,23.7
Mike Yastrzemski,SF,OF,54,192,4.16,2,2,2,30,55,13.3,-11.1,0.55,71.4,5.1,.297,.370,.408,39.3,17.8,43.0,17.2
Jean Segura,PHI,2B,54,192,3.78,6,6,2,23,45,10.6,-10.1,0.51,76.6,6.7,.266,.314,.345,47.6,18.2,34.3,14.3
Jose Altuve,HOU,2B,48,192,3.61,8,5,0,17,39,8.1,-10.5,0.44,79.7,11.1,.219,.250,.273,50.0,21.2,28.8,9.5
Mark Canha,OAK,OF,59,191,4.37,0,2,1,37,54,15.2,-7.0,0.69,71.7,6.2,.246,.318,.351,35.5,19.6,44.9,8.1
Paul Goldschmidt,STL,1B,58,191,4.20,0,4,0,37,43,16.1,-2.6,0.86,77.5,1.3,.304,.366,.387,35.6,26.7,37.7,10.9
Jackie Bradley,BOS,OF,55,191,3.85,4,2,1,23,48,10.6,-11.5,0.48,74.9,11.9,.283,.346,.358,53.1,18.9,28.0,17.5
Kyle Schwarber,CHC,OF,59,191,4.26,3,3,1,30,66,13.4,-16.1,0.45,65.4,2.0,.188,.219,.313,50.8,14.5,34.7,25.6
J.D. Davis,NYM,3B,56,190,4.14,0,8,1,31,56,13.5,-10.9,0.55,70.5,0.0,.247,.320,.343,56.3,20.0,23.7,18.8
Kole Calhoun,ARI,OF,54,190,3.93,0,6,0,28,50,12.3,-9.6,0.56,73.7,4.3,.226,.218,.371,37.5,23.6,38.9,28.6
Adam Duvall,ATL,OF,57,190,3.82,0,2,0,15,54,7.2,-18.7,0.28,71.6,0.0,.237,.242,.359,29.2,16.8,54.0,21.6
Teoscar Hernandez,TOR,OF,50,190,4.06,0,4,0,14,63,6.8,-23.8,0.22,66.8,15.2,.289,.351,.395,35.9,25.8,38.3,32.7
Donovan Solano,SF,2B,54,190,3.67,0,2,0,10,39,4.9,-14.3,0.26,79.5,0.0,.326,.399,.383,35.3,27.3,37.4,5.8
Bryce Harper,PHI,OF,58,190,3.99,7,5,8,49,43,20.1,2.5,1.14,77.4,13.2,.268,.284,.384,34.3,18.7,47.0,17.5
Asdrubal Cabrera,WAS,3B,52,190,3.98,3,6,0,19,40,8.9,-9.9,0.48,78.9,0.0,.242,.268,.326,43.8,18.3,37.9,13.8
Anthony Rendon,LAA,3B,52,189,3.83,0,10,2,38,31,16.4,3.0,1.23,83.6,0.0,.286,.302,.401,35.4,20.9,43.7,13.0
George Springer,HOU,OF,51,189,3.70,0,3,0,24,38,10.9,-6.4,0.63,79.9,5.8,.265,.263,.389,36.4,21.2,42.4,21.9
Willson Contreras,CHC,C,57,189,3.87,3,6,1,20,57,8.9,-16.4,0.35,69.8,6.1,.243,.312,.341,47.4,19.5,33.1,15.9
Austin Riley,ATL,3B,51,188,3.75,0,5,1,16,49,7.8,-16.0,0.33,73.9,0.0,.239,.282,.313,41.7,23.7,34.5,16.7
Jesus Aguilar,MIA,1B,51,188,4.08,0,5,0,23,40,10.6,-7.9,0.58,78.7,1.8,.277,.314,.353,36.2,25.7,38.2,13.8
Josh Reddick,HOU,OF,56,188,3.97,1,5,0,20,42,9.6,-10.5,0.48,77.7,2.0,.245,.296,.311,36.3,23.3,40.4,6.8
Joey Votto,CIN,1B,54,186,4.14,0,5,1,37,43,16.6,-2.7,0.86,76.9,0.0,.226,.235,.353,38.7,22.5,38.7,20.0
Miguel Sano,MIN,1B,53,186,4.23,0,3,1,18,90,8.8,-35.1,0.20,51.6,0.0,.204,.301,.328,35.1,24.5,40.4,34.2
Brandon Nimmo,NYM,OF,55,186,4.34,4,1,0,33,43,14.7,-4.4,0.77,76.9,4.5,.280,.326,.393,47.5,19.4,33.1,17.4
Jeimer Candelario,DET,1B,52,185,4.10,3,3,0,20,49,9.7,-14.1,0.41,73.5,3.7,.297,.372,.388,39.5,26.4,34.1,15.9
Rio Ruiz,BAL,3B,54,185,3.86,1,4,1,17,46,8.3,-14.2,0.37,75.1,7.9,.222,.246,.310,47.4,16.8,35.8,18.4
Nelson Cruz,MIN,DH,53,185,3.94,0,8,5,25,58,11.7,-15.4,0.43,68.6,0.0,.303,.360,.435,45.1,23.0,32.0,41.0
Willy Adames,TB,SS,54,185,4.03,0,4,0,20,74,9.8,-26.3,0.27,60.0,6.8,.259,.388,.354,43.2,25.2,31.5,22.9
Chris Taylor,LAD,2B,56,185,3.99,6,3,0,26,55,12.1,-13.6,0.47,70.3,8.9,.270,.344,.373,46.0,26.2,27.8,22.9
Bryan Reynolds,PIT,OF,55,185,4.15,1,2,0,21,57,10.1,-17.4,0.37,69.2,4.9,.189,.231,.284,42.9,22.2,34.9,15.9
Raimel Tapia,COL,OF,51,184,3.91,6,3,0,14,38,6.9,-11.8,0.37,79.3,16.1,.321,.400,.336,56.2,21.9,21.9,3.1
Ramon Laureano,OAK,OF,54,183,4.03,0,7,0,24,58,10.8,-15.3,0.41,68.3,6.3,.213,.277,.317,41.5,21.2,37.3,11.4
Jeff McNeil,NYM,2B,52,183,3.84,1,3,2,20,24,9.6,-1.9,0.83,86.9,3.4,.311,.342,.365,43.8,24.1,32.1,7.7
Evan White,SEA,1B,54,182,4.10,1,3,0,18,84,8.9,-32.7,0.21,53.8,8.6,.176,.267,.273,42.9,15.3,41.8,19.5
Nolan Arenado,COL,3B,48,182,3.40,0,7,3,15,20,7.5,-2.5,0.75,89.0,0.0,.253,.247,.315,37.3,15.7,47.0,10.3
Avisail Garcia,MIL,OF,53,181,3.48,0,2,2,20,49,9.7,-14.0,0.41,72.9,7.8,.238,.315,.306,48.1,24.8,27.1,5.7
Kolten Wong,STL,2B,53,181,4.07,11,1,1,20,30,9.6,-4.8,0.67,83.4,11.5,.265,.313,.298,48.8,21.6,29.6,2.7
Erik Gonzalez,PIT,SS,50,181,3.42,1,5,0,8,51,4.1,-22.3,0.16,71.8,15.6,.227,.299,.273,47.3,22.9,29.8,7.7
Ketel Marte,ARI,2B,45,181,3.55,2,2,0,7,21,3.6,-7.2,0.33,88.4,2.4,.287,.316,.321,45.8,20.8,33.3,4.2
Jurickson Profar,SD,2B,56,180,4.12,3,1,0,15,28,7.4,-6.4,0.54,84.4,15.4,.278,.297,.339,43.0,25.8,31.1,14.9
Colin Moran,PIT,1B,52,178,4.05,2,9,0,19,52,9.5,-16.5,0.37,70.8,0.0,.247,.293,.348,56.3,15.1,28.6,27.8
Dominic Smith,NYM,1B,50,177,3.78,0,2,0,14,45,7,-15.6,0.31,74.6,0.0,.316,.377,.417,40.0,26.4,33.6,21.4
Marwin Gonzalez,MIN,2B,53,175,4.03,3,1,0,17,41,8.5,-12.1,0.41,76.6,0.0,.211,.248,.272,39.5,21.0,39.5,10.2
J.T. Realmuto,PHI,C,47,173,3.81,0,3,0,16,48,8.2,-16.4,0.33,72.3,11.1,.266,.307,.368,47.2,14.6,38.2,23.4
Christian Vazquez,BOS,C,47,173,4.12,0,6,0,16,43,8.5,-14.3,0.37,75.1,14.3,.283,.341,.352,41.5,20.0,38.5,14.0
Orlando Arcia,MIL,SS,59,173,3.72,3,10,0,14,32,7.4,-9.5,0.44,81.5,4.7,.260,.294,.305,50.0,20.8,29.2,11.4
Ryan McMahon,COL,2B,52,172,4.36,3,4,0,18,66,9.3,-24.9,0.27,61.6,2.6,.215,.289,.321,49.0,15.4,35.6,24.3
Jake Cronenworth,SD,2B,54,172,3.91,0,4,0,18,30,9.4,-6.3,0.60,82.6,8.9,.285,.326,.370,45.0,25.7,29.3,9.8
Brandon Crawford,SF,SS,54,172,3.79,1,3,2,15,47,7.8,-16.6,0.32,72.7,7.7,.256,.308,.338,41.9,23.4,34.7,16.3
Max Kepler,MIN,OF,48,171,3.91,0,1,0,22,36,11.2,-7.1,0.61,78.9,7.0,.228,.238,.340,32.1,22.4,45.5,14.8
Robinson Cano,NYM,2B,49,171,3.32,1,7,1,9,24,4.9,-8.2,0.38,86.0,0.0,.316,.321,.392,50.0,24.3,25.7,27.0
Michael Brantley,HOU,OF,46,170,3.83,2,3,0,17,28,9.1,-5.9,0.61,83.5,4.2,.300,.336,.368,46.8,22.0,31.2,11.4
Aaron Hicks,NYY,OF,54,169,4.35,1,4,1,41,38,19.4,1.4,1.08,77.5,8.2,.225,.256,.351,46.9,18.6,34.5,12.8
Nicky Lopez,KC,2B,56,169,3.90,9,1,0,18,41,9.4,-12.0,0.44,75.7,11.6,.201,.260,.268,54.8,25.2,20.0,4.3
Victor Robles,WAS,OF,52,168,3.99,13,0,0,9,53,4.8,-23.3,0.17,68.5,13.5,.220,.304,.287,36.0,30.6,33.3,8.1
Joey Wendle,TB,2B,50,168,3.66,3,1,1,10,35,5.4,-13.6,0.29,79.2,23.3,.286,.341,.339,48.5,23.5,28.0,10.8
Garrett Hampson,COL,2B,53,167,4.20,18,1,0,13,60,7.1,-25.5,0.22,64.1,17.5,.234,.333,.302,35.8,25.3,38.9,13.5
Robbie Grossman,OAK,OF,51,166,3.92,0,1,2,21,38,10.9,-8.9,0.55,77.1,23.1,.241,.267,.358,39.1,22.7,38.3,16.3
Travis d'Arnaud,ATL,C,44,165,3.67,0,8,0,16,50,8.7,-18.5,0.32,69.7,1.9,.321,.415,.400,43.1,26.7,30.2,25.7
Alex Gordon,KC,OF,50,163,3.83,6,0,0,18,37,9.8,-10.3,0.49,77.3,0.0,.209,.246,.284,41.6,23.0,35.4,10.0
Travis Shaw,TOR,3B,50,163,3.92,2,4,0,16,50,8.9,-18.9,0.32,69.3,0.0,.239,.308,.311,32.0,21.4,46.6,10.4
Jonathan Schoop,DET,2B,44,162,3.53,0,8,0,8,39,4.5,-17.6,0.21,75.9,0.0,.278,.322,.347,51.2,18.4,30.4,21.1
Yasmani Grandal,CWS,C,46,161,4.43,1,4,0,30,58,15.5,-14.4,0.52,64.0,0.0,.230,.305,.344,36.2,22.9,41.0,18.6
Pedro Severino,BAL,C,48,160,4.15,1,3,0,16,40,9,-13.5,0.40,75.0,2.2,.250,.304,.317,41.7,24.2,34.2,12.2
Ronald Acuna,ATL,OF,46,160,4.34,0,3,2,38,60,18.8,-10.9,0.63,62.5,17.0,.250,.302,.422,35.0,22.0,43.0,32.6
Alec Bohm,PHI,3B,44,160,3.66,0,4,0,16,36,8.9,-11.1,0.44,77.5,3.6,.338,.417,.391,52.7,20.0,27.3,13.3
Edwin Encarnacion,CWS,DH,44,159,4.36,0,3,0,16,54,8.9,-21.1,0.30,66.0,0.0,.157,.158,.279,33.0,15.1,51.9,18.2
Adam Eaton,WAS,OF,41,159,3.84,15,4,1,12,32,6.8,-11.4,0.38,79.9,9.4,.226,.260,.293,48.8,23.6,27.6,11.8
Stephen Piscotty,OAK,OF,45,159,3.44,3,4,0,9,53,5.3,-25.7,0.17,66.7,11.8,.226,.307,.278,45.8,23.4,30.8,15.2
Niko Goodrum,DET,2B,43,158,4.33,0,4,0,18,69,10.1,-28.5,0.26,56.3,23.5,.184,.286,.272,36.3,18.7,45.1,12.2
Hunter Dozier,KC,1B,44,158,3.90,0,3,0,27,48,14.5,-11.3,0.56,69.6,7.8,.228,.288,.337,36.7,22.9,40.4,13.6
Yoshi Tsutsugo,TB,3B,51,157,4.58,0,5,1,26,50,14.1,-13.0,0.52,68.2,0.0,.197,.232,.323,39.0,15.2,45.7,16.7
Mauricio Dubon,SF,2B,54,157,3.84,6,4,0,15,36,8.5,-11.9,0.42,77.1,10.2,.274,.333,.318,34.5,26.9,38.7,6.5
Gregory Polanco,PIT,OF,50,157,4.34,2,1,0,13,65,7.5,-30.1,0.20,58.6,16.7,.153,.200,.237,32.6,21.1,46.3,15.9
Gary Sanchez,NYY,C,49,156,4.32,0,6,0,18,64,10.1,-25.8,0.28,59.0,0.0,.147,.159,.281,36.5,16.5,47.1,25.0
Kevin Newman,PIT,2B,44,156,3.84,3,1,0,12,21,7,-5.2,0.57,86.5,2.4,.224,.254,.253,48.5,21.3,30.1,2.4
Shogo Akiyama,CIN,OF,54,155,4.47,0,1,0,25,34,13.7,-4.9,0.74,78.1,17.9,.245,.314,.308,55.0,24.2,20.8,0.0
Juan Soto,WAS,OF,47,154,4.17,1,1,12,41,28,20.9,6.6,1.46,81.8,11.8,.351,.363,.485,51.2,20.0,28.8,36.1
Alex Bregman,HOU,3B,42,153,4.08,0,2,1,24,26,13.3,-1.1,0.92,83.0,0.0,.242,.256,.357,33.6,25.6,40.8,11.8
Anthony Santander,BAL,OF,37,153,3.57,2,2,3,10,25,6.1,-9.1,0.40,83.7,4.0,.261,.248,.376,23.6,26.8,49.6,17.5
Paul DeJong,STL,SS,45,152,3.92,0,4,0,17,50,9.8,-19.0,0.34,67.1,2.2,.250,.354,.300,27.2,28.2,44.7,6.5
Albert Pujols,LAA,1B,39,152,3.82,0,4,1,9,25,5.5,-9.8,0.36,83.6,0.0,.224,.231,.289,39.8,19.5,40.6,11.5
Alex Dickerson,SF,OF,52,151,3.55,0,5,2,16,30,9.4,-8.2,0.53,80.1,0.0,.298,.315,.409,41.1,17.8,41.1,22.7
Rhys Hoskins,PHI,1B,41,151,4.16,0,4,0,29,43,15.7,-7.6,0.67,71.5,2.1,.245,.276,.390,28.7,19.4,51.9,17.9
Gio Urshela,NYY,3B,43,151,3.64,0,6,0,18,25,10.3,-4.0,0.72,83.4,2.2,.298,.325,.372,35.8,27.5,36.7,15.0
Justin Turner,LAD,3B,42,150,3.89,0,2,0,18,26,10.3,-4.6,0.69,82.7,2.0,.307,.350,.384,33.3,22.8,43.9,7.4
Salvador Perez,KC,C,37,150,3.57,0,0,0,3,36,1.9,-21.2,0.08,76.0,3.3,.333,.379,.433,35.7,27.0,37.4,25.6
Brandon Belt,SF,1B,51,149,3.83,6,5,1,30,36,16.8,-3.4,0.83,75.8,0.0,.309,.356,.424,29.9,26.8,43.3,19.0
Jorge Soler,KC,OF,43,149,4.25,0,3,0,19,60,11,-23.8,0.32,59.7,0.0,.228,.321,.339,37.8,23.3,38.9,22.9
Jesse Winker,CIN,OF,54,149,4.28,1,3,0,28,46,15.3,-9.8,0.61,69.1,2.1,.255,.286,.397,49.5,22.7,27.8,40.7
Jason Heyward,CHC,OF,50,147,4.46,2,1,1,30,37,16.6,-3.9,0.81,74.8,3.6,.265,.317,.373,45.5,27.7,26.8,20.0
Justin Upton,LAA,OF,42,147,4.11,0,6,0,11,43,6.6,-19.3,0.26,70.7,7.4,.204,.221,.320,40.2,13.7,46.1,19.1
Michael Chavis,BOS,2B,42,146,3.92,0,6,0,8,50,5.1,-26.6,0.16,65.8,11.1,.212,.286,.279,44.7,23.4,31.9,16.7
Manuel Margot,TB,OF,47,145,3.67,12,0,0,13,25,8.2,-7.5,0.52,82.8,38.1,.269,.319,.298,44.5,22.7,32.7,2.8
Yadier Molina,STL,C,42,145,3.57,1,7,0,6,21,3.8,-9.6,0.29,85.5,0.0,.262,.283,.298,41.8,21.3,36.9,8.9
Eric Hosmer,SD,1B,38,143,3.64,3,3,0,9,28,5.8,-12.2,0.32,80.4,11.4,.287,.302,.367,46.2,19.7,34.2,22.5
Amed Rosario,NYM,SS,46,143,3.56,0,5,0,4,34,2.7,-20.4,0.12,76.2,3.1,.252,.305,.278,58.1,15.2,26.7,14.3
Tim Lopes,SEA,OF,46,143,3.78,1,2,0,6,34,4,-18.5,0.18,76.2,19.2,.238,.299,.301,50.5,25.3,24.2,4.3
Brad Miller,STL,3B,48,142,4.08,0,2,1,25,46,14.6,-12.3,0.54,67.6,2.4,.232,.292,.355,42.3,23.7,34.0,21.2
Wilson Ramos,NYM,C,45,142,3.41,0,5,0,10,31,6.5,-13.5,0.32,78.2,0.0,.239,.274,.301,52.4,18.1,29.5,12.9
Jose Iglesias,BAL,SS,39,142,3.77,0,1,0,3,17,2,-9.3,0.18,88.0,0.0,.373,.410,.415,42.9,35.7,21.4,11.1
Matt Chapman,OAK,3B,37,142,4.30,0,2,0,8,54,5.3,-30.3,0.15,62.0,0.0,.232,.295,.346,25.8,23.6,50.6,22.2
Pat Valaika,BAL,2B,52,141,3.80,2,3,0,8,34,5.3,-17.3,0.24,75.9,5.7,.277,.313,.344,35.0,25.2,39.8,19.5
Freddy Galvis,CIN,2B,47,141,3.87,4,5,0,13,30,8.2,-10.7,0.43,78.7,6.3,.220,.231,.309,48.0,16.0,36.0,16.7
Matt Carpenter,STL,3B,50,140,4.36,4,1,1,23,48,13.6,-14.8,0.48,65.7,0.0,.186,.250,.296,38.5,22.0,39.6,11.1
Cedric Mullins,BAL,OF,48,140,3.90,31,0,0,8,37,5.2,-19.0,0.22,73.6,25.0,.271,.350,.305,45.5,21.6,33.0,10.3
Tyler O'Neill,STL,OF,50,139,3.96,0,3,0,15,43,9.6,-17.8,0.35,69.1,14.8,.173,.191,.278,44.2,14.7,41.1,17.9
Enrique Hernandez,LAD,2B,48,139,3.76,1,5,0,6,31,4.1,-16.9,0.19,77.7,4.2,.230,.262,.296,40.6,19.8,39.6,11.9
Mike Moustakas,CIN,2B,44,139,4.05,1,5,1,18,36,11,-11.0,0.50,74.1,3.0,.230,.253,.335,38.4,19.8,41.9,16.7
Rougned Odor,TEX,2B,38,138,4.01,7,2,0,7,47,4.7,-27.0,0.15,65.9,6.3,.167,.160,.265,35.8,14.8,49.4,20.0
Kevin Kiermaier,TB,OF,49,138,4.11,4,2,1,20,42,12.6,-13.8,0.48,69.6,23.1,.217,.290,.305,56.3,24.0,19.8,15.8
Dylan Moore,SEA,2B,38,137,4.13,3,4,0,14,43,8.8,-18.2,0.33,68.6,53.1,.255,.314,.375,35.5,24.7,39.8,21.6
Gleyber Torres,NYY,SS,42,136,4.19,0,5,0,22,28,13.8,-3.8,0.79,79.4,2.3,.243,.286,.350,43.2,18.9,37.9,8.3
Nomar Mazara,CWS,OF,42,136,4.10,0,0,0,10,44,6.7,-22.8,0.23,67.6,2.9,.228,.330,.269,52.2,22.8,25.0,4.3
Martin Maldonado,HOU,C,47,135,4.21,3,2,0,27,51,16.4,-14.5,0.53,62.2,2.2,.215,.295,.331,34.9,27.7,37.3,19.4
Luis Garcia,WAS,2B,40,134,3.63,2,3,0,5,29,3.6,-17.3,0.17,78.4,5.9,.276,.340,.313,59.6,23.4,17.0,12.5
Tyler Naquin,CLE,OF,40,133,3.71,1,3,0,5,40,3.5,-24.8,0.13,69.9,4.8,.218,.281,.296,42.0,23.9,34.1,13.3
Austin Meadows,TB,OF,36,132,4.32,0,0,0,17,50,11.2,-21.7,0.34,62.1,9.7,.205,.295,.297,26.2,20.2,53.6,8.9
Kris Bryant,CHC,3B,34,131,4.05,0,1,0,12,40,8.2,-19.0,0.30,69.5,0.0,.206,.264,.281,36.8,18.4,44.8,7.7
Clint Frazier,NYY,OF,39,131,4.30,1,5,0,25,44,15.6,-11.9,0.57,66.4,6.7,.267,.342,.395,40.9,25.0,34.1,26.7
Byron Buxton,MIN,OF,39,130,3.28,0,2,0,2,36,1.5,-25.2,0.06,72.3,15.8,.254,.247,.373,36.3,13.2,50.5,26.1
Brett Gardner,NYY,OF,49,130,4.13,5,0,0,26,35,16.5,-5.7,0.74,73.1,13.6,.223,.267,.328,37.8,21.1,41.1,13.5
Austin Romine,DET,C,37,130,3.87,0,3,0,4,47,3,-31.9,0.09,63.8,0.0,.238,.358,.257,45.2,23.8,31.0,7.7
Nick Markakis,ATL,OF,37,130,3.90,0,5,0,10,23,7.1,-9.2,0.43,82.3,3.7,.254,.302,.305,40.8,32.0,27.2,3.6
Ryan Braun,MIL,OF,39,129,3.52,2,6,0,7,27,5,-14.4,0.26,79.1,4.8,.233,.234,.336,36.6,23.8,39.6,20.0
Willi Castro,DET,SS,36,129,3.81,3,0,0,7,38,5,-22.1,0.18,70.5,2.5,.349,.459,.402,41.9,26.9,31.2,20.7
Matt Joyce,MIA,OF,46,127,4.07,2,3,0,20,41,13.5,-14.2,0.49,67.7,2.2,.252,.357,.316,38.4,26.7,34.9,6.7
Ryan Mountcastle,BAL,1B,35,126,3.71,0,2,0,11,30,7.9,-13.6,0.37,76.2,2.3,.333,.407,.398,38.7,22.7,38.7,17.2
Miguel Rojas,MIA,SS,40,125,3.72,1,1,2,16,18,11.2,-1.4,0.89,85.6,15.4,.304,.330,.417,41.3,25.0,33.7,12.9
Jacob Stallings,PIT,C,42,125,4.28,3,2,0,15,40,10.5,-17.5,0.38,68.0,0.0,.248,.341,.314,39.5,20.9,39.5,8.8
David Bote,CHC,2B,45,125,4.13,0,6,0,17,40,11.7,-15.9,0.43,68.0,6.5,.200,.231,.307,51.2,16.7,32.1,22.2
Jo Adell,LAA,OF,38,124,4.14,0,3,0,7,55,5.3,-36.4,0.13,55.6,5.0,.161,.258,.211,44.6,15.4,40.0,11.5
Bo Bichette,TOR,SS,29,123,3.69,0,2,1,5,27,3.9,-17.2,0.19,78.0,18.5,.301,.352,.370,41.5,24.5,34.0,15.6
Daniel Murphy,COL,1B,40,123,3.69,0,3,2,7,21,5.3,-10.7,0.33,82.9,0.0,.236,.263,.265,42.4,21.2,36.4,8.3
Eric Thames,WAS,1B,41,123,4.14,0,2,1,14,42,10,-20.0,0.33,65.9,3.2,.203,.282,.280,42.5,21.3,36.3,10.3
Starling Marte,ARI,OF,33,122,3.76,5,3,1,10,19,7.2,-6.5,0.53,84.4,18.9,.311,.356,.000,0.0,0.0,0.0,
Carson Kelly,ARI,C,39,122,3.92,0,4,0,6,29,4.7,-17.8,0.21,76.2,0.0,.221,.250,.265,40.5,20.2,39.3,15.2
Ji-Man Choi,TB,1B,42,122,4.10,1,1,2,20,36,13.8,-11.0,0.56,70.5,0.0,.230,.301,.321,39.3,20.2,40.4,8.3
Austin Hays,BAL,OF,33,122,4.01,5,1,0,8,25,6,-12.7,0.32,79.5,13.9,.279,.323,.325,49.5,20.4,30.1,14.3
Hunter Renfroe,TB,OF,42,122,4.10,0,3,0,14,37,10.1,-16.5,0.38,69.7,10.0,.156,.143,.280,43.4,8.4,48.2,20.0
Joc Pederson,LAD,OF,43,121,3.99,3,5,0,11,34,8,-16.8,0.32,71.9,4.3,.190,.200,.286,48.1,15.2,36.7,20.7
Joe Panik,TOR,2B,41,120,3.79,3,4,0,20,27,14.2,-5.0,0.74,77.5,0.0,.225,.283,.298,47.8,22.8,29.3,3.7
Johan Camargo,ATL,2B,35,120,4.18,0,1,0,6,35,4.7,-22.8,0.17,70.8,0.0,.200,.247,.269,49.4,15.3,35.3,13.3
Jon Berti,MIA,2B,39,120,3.93,3,1,0,23,37,15.4,-9.4,0.62,69.2,23.4,.258,.358,.338,53.1,19.8,27.2,9.1
Danny Jansen,TOR,C,43,120,3.88,4,1,0,21,31,14.3,-6.8,0.68,74.2,0.0,.183,.193,.309,34.5,25.3,40.2,17.1
Garrett Cooper,MIA,1B,34,120,4.19,0,5,0,11,31,8.3,-15.0,0.35,74.2,0.0,.283,.337,.373,46.1,25.8,28.1,24.0
Leody Taveras,TEX,OF,33,119,3.92,9,0,0,14,43,10.4,-21.6,0.33,63.9,26.7,.227,.319,.318,37.1,30.0,32.9,17.4
Andres Gimenez,NYM,SS,49,118,3.80,2,0,0,7,28,5.3,-15.9,0.25,76.3,30.0,.263,.322,.326,44.9,21.3,33.7,10.0
Ozzie Albies,ATL,2B,29,118,3.58,1,0,0,5,30,4,-20.2,0.17,74.6,15.4,.271,.317,.340,46.4,13.0,40.6,17.9
Andrelton Simmons,LAA,SS,30,118,3.51,2,5,0,8,16,6.3,-6.3,0.50,86.4,5.6,.297,.343,.315,54.9,20.6,24.5,0.0
Jedd Gyorko,MIL,3B,43,117,4.19,0,4,1,15,38,11.1,-17.0,0.39,67.5,0.0,.248,.286,.364,39.2,20.3,40.5,28.1
Matt Kemp,COL,DH,43,117,4.14,0,5,1,15,41,11.4,-19.7,0.37,65.0,2.9,.239,.314,.328,40.8,26.3,32.9,24.0
Kevin Pillar,BOS,OF,30,117,3.75,0,4,0,8,23,6.3,-11.9,0.35,80.3,7.4,.274,.311,.000,0.0,0.0,0.0,
Shed Long,SEA,2B,34,117,3.88,0,1,0,11,37,8.6,-20.3,0.30,68.4,17.4,.171,.221,.242,63.8,10.0,26.3,14.3
Sean Murphy,OAK,C,43,116,4.17,1,6,0,24,37,17.1,-9.3,0.65,68.1,0.0,.233,.278,.360,42.1,18.4,39.5,23.3
Victor Caratini,CHC,C,44,116,4.10,0,4,1,12,31,9.1,-14.4,0.39,73.3,3.1,.241,.321,.297,48.8,20.0,31.3,4.0
Ender Inciarte,ATL,OF,46,116,4.11,6,0,0,12,25,9.2,-9.9,0.48,78.4,16.7,.190,.233,.237,46.2,20.9,33.0,3.3
Jonathan Villar,MIA,2B,30,116,3.81,3,2,1,10,32,7.8,-17.2,0.31,72.4,41.2,.259,.341,.000,0.0,0.0,0.0,
Eric Sogard,MIL,2B,43,115,3.90,3,1,0,11,20,8.6,-7.0,0.55,82.6,0.0,.209,.245,.258,35.8,31.6,32.6,3.2
Jason Kipnis,CHC,2B,44,114,4.38,3,1,0,18,41,13.3,-17.0,0.44,64.0,3.0,.237,.343,.335,34.7,15.3,50.0,8.3
Ben Gamel,MIL,OF,40,114,4.04,0,4,0,13,39,10.2,-20.5,0.33,65.8,7.1,.237,.333,.318,37.3,38.7,24.0,16.7
Will Smith,LAD,C,37,114,4.45,0,2,1,20,22,14.6,-1.5,0.91,80.7,0.0,.289,.298,.413,24.1,27.8,48.1,15.8
Yandy Diaz,TB,3B,34,114,4.14,0,6,1,23,17,16.7,4.3,1.35,85.1,0.0,.307,.347,.369,66.0,22.7,11.3,18.2
Rowdy Tellez,TOR,1B,35,113,3.45,1,1,1,11,20,8.7,-7.1,0.55,82.3,3.3,.283,.282,.378,46.3,20.0,33.7,25.0
Ryan O'Hearn,KC,1B,42,113,4.23,1,5,2,18,37,13.6,-14.4,0.49,67.3,0.0,.195,.270,.272,46.1,21.1,32.9,8.0
Scott Kingery,PHI,2B,36,113,3.75,1,1,0,9,35,7.3,-21.0,0.26,69.0,0.0,.159,.200,.228,38.2,18.4,43.4,9.1
Jake Cave,MIN,OF,42,113,4.10,2,0,0,5,44,4.1,-31.7,0.11,61.1,9.5,.221,.323,.280,51.6,25.8,22.6,14.3
Justin Smoak,MIL,1B,33,113,4.18,0,3,0,10,40,7.9,-23.8,0.25,64.6,0.0,.186,.235,.000,0.0,0.0,0.0,
Luis Arraez,MIN,2B,32,112,4.23,1,2,0,8,11,6.6,-2.5,0.73,90.2,0.0,.321,.356,.332,40.8,28.6,30.6,0.0
Jose Peraza,BOS,2B,34,111,3.42,1,3,0,5,18,4.2,-10.8,0.28,83.8,10.0,.225,.261,.274,36.2,19.1,44.7,2.4
Kurt Suzuki,WAS,C,33,111,3.75,0,4,0,11,19,8.5,-6.2,0.58,82.9,3.2,.270,.311,.333,31.4,23.3,45.3,5.1
Shin-Soo Choo,TEX,OF,33,110,4.12,6,1,1,13,33,10.2,-15.7,0.39,70.0,25.8,.236,.292,.313,47.4,22.4,30.3,21.7
Dylan Carlson,STL,OF,35,110,4.13,1,3,0,8,35,6.7,-22.7,0.23,68.2,10.5,.200,.264,.279,44.6,23.0,32.4,12.5
Luis Urias,MIL,2B,41,109,4.04,2,4,0,10,32,8.3,-18.3,0.31,70.6,12.9,.239,.338,.277,62.7,18.7,18.7,0.0
Cole Tucker,PIT,OF,37,109,3.69,1,3,0,5,31,4.3,-22.4,0.16,71.6,4.0,.220,.299,.236,49.4,16.5,34.2,3.7
Tommy Pham,SD,OF,31,109,3.98,0,2,0,15,27,12,-9.6,0.56,75.2,18.2,.211,.253,.281,64.7,11.8,23.5,12.5
Yan Gomes,WAS,C,30,109,3.39,0,1,0,6,22,5,-13.4,0.27,79.8,3.8,.284,.325,.339,35.6,24.4,40.0,11.1
Todd Frazier,TEX,3B,31,108,4.30,0,0,0,10,26,8.3,-13.2,0.38,75.9,7.7,.241,.300,.000,0.0,0.0,0.0,
Roman Quinn,PHI,OF,41,108,3.91,20,0,0,5,39,4.3,-29.3,0.13,63.9,54.5,.213,.313,.260,46.6,27.6,25.9,13.3
Omar Narvaez,MIL,C,40,108,4.39,1,1,0,16,39,12.7,-18.3,0.41,63.9,0.0,.176,.254,.267,36.5,25.4,38.1,8.3
Nico Hoerner,CHC,2B,48,108,4.15,4,3,0,12,24,9.6,-9.6,0.50,77.8,15.6,.222,.286,.267,55.3,21.2,23.5,0.0
Jose Marmolejos,SEA,OF,35,107,3.91,0,2,0,7,32,6.1,-21.7,0.22,70.1,5.3,.206,.232,.299,44.6,17.6,37.8,21.4
Delino DeShields,CLE,OF,37,107,3.73,13,0,0,9,29,7.5,-16.7,0.31,72.9,16.1,.252,.346,.296,52.3,20.0,27.7,0.0
Danny Mendick,CWS,2B,33,107,4.11,1,3,0,6,25,5.3,-16.7,0.24,76.6,4.2,.243,.291,.291,49.4,21.7,28.9,12.5
Starling Marte,MIA,OF,28,106,3.79,7,2,0,2,22,1.8,-17.9,0.09,79.2,27.8,.245,.275,.000,0.0,0.0,0.0,
Lewis Brinson,MIA,OF,47,106,3.83,0,2,0,6,30,5.4,-21.4,0.20,71.7,19.0,.226,.288,.280,48.7,21.1,30.3,13.0
Harrison Bader,STL,OF,50,106,4.18,4,2,0,13,40,10.4,-21.6,0.33,62.3,16.7,.226,.323,.321,42.2,15.6,42.2,11.1
Sam Hilliard,COL,OF,36,105,4.32,2,0,0,9,42,7.9,-28.9,0.21,60.0,14.3,.210,.281,.343,44.2,17.3,38.5,30.0
Elvis Andrus,TEX,SS,29,103,3.71,1,5,0,8,15,7.2,-6.3,0.53,85.4,20.0,.194,.200,.260,49.4,14.9,35.6,9.7
Nick Madrigal,CWS,2B,29,103,3.89,2,5,0,4,7,3.7,-2.8,0.57,93.2,8.3,.340,.365,.339,53.3,27.2,19.6,0.0
Joey Bart,SF,C,33,103,3.88,0,1,0,3,41,2.7,-34.2,0.07,60.2,0.0,.233,.387,.274,51.6,16.1,32.3,0.0
Daulton Varsho,ARI,C,37,101,3.91,4,1,0,12,33,10.4,-18.3,0.36,67.3,19.0,.188,.246,.259,39.6,15.1,45.3,12.5
Aaron Judge,NYY,OF,28,101,4.27,0,5,0,10,32,8.8,-19.5,0.31,68.3,4.2,.257,.283,.385,39.1,20.3,40.6,32.1
Willie Calhoun,TEX,OF,29,100,3.85,0,1,0,5,17,4.6,-11.1,0.29,83.0,0.0,.190,.220,.222,47.0,12.0,41.0,2.9
Isaac Paredes,DET,3B,34,100,4.16,0,1,0,8,24,7.4,-14.8,0.33,76.0,0.0,.220,.280,.258,47.4,21.1,31.6,4.2
Tony Wolters,COL,C,42,100,3.74,4,1,0,6,30,5.5,-22.0,0.20,70.0,0.0,.230,.329,.235,35.9,39.1,25.0,0.0
Tommy La Stella,LAA,2B,28,99,4.00,1,3,0,15,7,12.8,6.8,2.14,92.9,3.3,.273,.261,.000,0.0,0.0,0.0,
Carter Kieboom,WAS,3B,33,99,4.37,1,6,0,17,33,13.9,-13.1,0.52,66.7,2.8,.202,.303,.275,40.9,30.3,28.8,0.0
Jared Walsh,LAA,1B,32,99,3.64,0,0,0,5,15,4.6,-9.3,0.33,84.8,0.0,.293,.267,.415,48.8,15.5,35.7,30.0
Josh Fuentes,COL,1B,30,98,3.60,1,1,0,2,29,1.9,-26.2,0.07,70.4,4.3,.306,.418,.329,48.5,25.0,26.5,11.1
Austin Nola,SEA,C,29,98,3.86,0,1,1,9,17,8.2,-7.3,0.53,82.7,0.0,.306,.329,.000,0.0,0.0,0.0,
Chance Sisco,BAL,C,36,98,4.43,2,1,0,17,41,14,-19.8,0.41,58.2,0.0,.214,.321,.356,30.2,32.1,37.7,20.0
Tucker Barnhart,CIN,C,38,98,3.96,5,2,0,12,28,10.9,-14.5,0.43,71.4,0.0,.204,.231,.300,33.3,22.7,43.9,17.2
Tommy La Stella,OAK,2B,27,97,4.25,0,3,0,12,5,10.8,6.3,2.40,94.8,0.0,.289,.297,.000,0.0,0.0,0.0,
James McCann,CWS,C,31,97,4.06,0,2,0,8,30,7.2,-19.8,0.27,69.1,7.7,.289,.350,.387,37.7,24.6,37.7,26.9
JaCoby Jones,DET,OF,30,97,4.21,1,1,0,7,34,6.5,-25.0,0.21,64.9,10.5,.268,.362,.367,45.3,21.9,32.8,23.8
Roberto Perez,CLE,C,32,97,4.37,3,2,0,11,38,10,-24.5,0.29,60.8,0.0,.165,.259,.223,64.9,17.5,17.5,10.0
Jay Bruce,PHI,OF,32,96,4.02,2,1,1,7,24,6.8,-16.5,0.29,75.0,0.0,.198,.197,.310,38.0,15.5,46.5,18.2
Brian Goodwin,LAA,OF,30,95,4.07,1,0,1,12,35,11,-21.1,0.34,63.2,4.3,.242,.339,.000,0.0,0.0,0.0,
Mike Tauchman,NYY,OF,43,95,4.23,0,3,3,14,26,12.6,-10.8,0.54,72.6,19.4,.242,.333,.288,41.4,30.0,28.6,0.0
Taylor Ward,LAA,OF,34,94,3.83,1,1,0,8,28,7.8,-19.6,0.29,70.2,7.7,.277,.394,.339,41.8,29.1,29.1,0.0
Tony Kemp,OAK,2B,49,93,3.58,6,0,0,15,14,13.2,0.9,1.07,84.9,12.1,.247,.291,.299,35.1,28.6,36.4,0.0
Jorge Alfaro,MIA,C,31,93,3.42,0,2,1,4,36,4,-32.0,0.11,61.3,10.0,.226,.333,.276,49.1,21.1,29.8,17.6
David Dahl,COL,OF,24,93,3.97,1,0,0,4,28,4,-24.2,0.14,69.9,5.9,.183,.262,.210,39.4,19.7,40.9,0.0
Phil Gosselin,PHI,OF,39,92,4.10,3,3,1,10,27,9.8,-16.7,0.37,70.7,0.0,.250,.323,.325,36.5,30.2,33.3,14.3
Michael Taylor,WAS,OF,38,92,3.97,5,2,0,6,27,6.1,-21.2,0.22,70.7,0.0,.196,.217,.300,42.9,17.5,39.7,20.0
Howie Kendrick,WAS,DH,25,91,3.84,0,4,2,7,17,7,-10.0,0.41,81.3,0.0,.275,.319,.302,44.7,32.9,22.4,11.8
Kevin Pillar,COL,OF,24,91,3.67,1,0,1,5,18,5.2,-13.4,0.28,80.2,20.0,.308,.366,.000,0.0,0.0,0.0,
Dexter Fowler,STL,OF,31,90,4.47,1,2,0,10,28,9.9,-17.8,0.36,68.9,8.0,.233,.293,.349,39.6,22.6,37.7,20.0
Max Stassi,LAA,C,31,90,3.45,0,5,0,11,21,10.5,-9.5,0.52,76.7,0.0,.278,.290,.379,40.3,22.2,37.5,25.9
Christin Stewart,DET,OF,36,90,3.87,1,2,0,5,30,5.1,-25.5,0.17,66.7,0.0,.167,.211,.246,25.0,26.8,48.2,11.1
Luis Rengifo,LAA,2B,33,90,4.13,5,2,0,14,26,13.2,-11.3,0.54,71.1,15.4,.156,.206,.228,59.4,14.1,26.6,5.9
Ehire Adrianza,MIN,SS,44,89,4.02,2,3,0,11,23,10.9,-11.9,0.48,74.2,4.8,.191,.258,.261,36.9,24.6,38.5,0.0
DJ Stewart,BAL,OF,31,88,4.41,3,0,0,20,38,17.9,-16.1,0.53,56.8,0.0,.193,.233,.362,41.3,15.2,43.5,35.0
Tyler Wade,NYY,2B,52,88,3.75,11,1,0,12,22,11.4,-9.5,0.55,75.0,23.8,.170,.190,.283,33.3,30.0,36.7,13.6
Adam Engel,CWS,OF,36,88,3.71,4,1,0,3,19,3.2,-17.2,0.16,78.4,5.0,.295,.348,.336,43.8,17.2,39.1,8.0
Abraham Toro,HOU,3B,33,87,3.80,1,1,0,3,23,3.1,-20.6,0.13,73.6,18.2,.149,.164,.236,50.8,21.3,27.9,17.6
Darin Ruf,SF,OF,40,87,4.20,0,1,0,13,23,13,-10.0,0.57,73.6,3.8,.276,.322,.391,39.1,28.1,32.8,23.8
Jorge Bonifacio,DET,OF,30,86,3.87,0,1,0,5,26,5.3,-22.3,0.19,69.8,0.0,.221,.293,.279,39.7,17.2,43.1,8.0
Ty France,SEA,2B,23,86,4.11,0,2,0,6,22,6.4,-17.0,0.27,74.4,0.0,.302,.387,.000,0.0,0.0,0.0,
Austin Barnes,LAD,C,29,86,3.75,3,0,0,13,24,12.5,-10.6,0.54,72.1,10.0,.244,.328,.308,44.4,17.5,38.1,4.2
Oscar Mercado,CLE,OF,36,86,3.94,4,0,0,5,27,5.4,-23.7,0.19,68.6,21.4,.128,.172,.158,43.1,13.8,43.1,4.0
Mike Brosseau,TB,2B,37,86,3.85,0,1,0,8,31,8.2,-23.5,0.26,64.0,8.7,.302,.420,.403,44.6,17.9,37.5,23.8
Austin Slater,SF,OF,31,85,4.14,1,2,0,16,22,15.4,-5.8,0.73,74.1,28.1,.282,.328,.412,38.5,32.7,28.8,26.7
Ke'Bryan Hayes,PIT,3B,24,85,4.08,0,2,2,9,20,9.5,-11.6,0.45,76.5,3.7,.376,.450,.420,48.9,20.0,31.1,21.4
Khris Davis,OAK,DH,30,85,4.02,0,5,0,10,26,10.1,-16.2,0.38,69.4,0.0,.200,.263,.282,32.2,23.7,44.1,7.7
Michael Perez,TB,C,38,84,3.94,1,3,0,7,27,7.5,-21.5,0.26,67.9,0.0,.167,.232,.221,32.1,28.6,39.3,4.5
Kevin Plawecki,BOS,C,24,82,3.64,0,4,0,5,14,5.6,-10.1,0.36,82.9,3.8,.341,.403,.321,45.8,18.6,35.6,4.8
Pablo Sandoval,SF,1B,33,82,3.73,0,3,0,6,18,6.7,-13.3,0.33,78.0,0.0,.220,.270,.000,0.0,0.0,0.0,
Myles Straw,HOU,OF,33,82,4.09,2,0,0,4,22,4.7,-20.9,0.18,73.2,47.1,.207,.283,.231,36.8,22.8,40.4,0.0
Ryan McBroom,KC,1B,36,81,4.27,0,2,0,4,30,4.7,-30.6,0.13,63.0,0.0,.247,.311,.340,31.9,17.0,51.1,20.8
Josh Donaldson,MIN,3B,28,81,4.40,0,4,1,18,24,17.6,-5.9,0.75,70.4,0.0,.222,.235,.386,55.8,11.5,32.7,35.3
Bobby Dalbec,BOS,1B,23,80,4.14,0,0,0,10,39,10.9,-31.5,0.26,51.3,0.0,.263,.394,.419,35.0,20.0,45.0,44.4
Adam Haseley,PHI,OF,40,79,4.01,3,3,1,7,17,7.6,-10.9,0.41,78.5,0.0,.278,.355,.303,51.7,28.3,20.0,0.0
Josh Harrison,WAS,2B,33,79,3.68,0,2,0,6,12,6.6,-6.6,0.50,84.8,13.0,.278,.297,.341,40.6,24.6,34.8,12.5
Jose Osuna,PIT,1B,26,78,3.76,0,1,0,4,16,4.9,-14.6,0.25,79.5,7.7,.205,.207,.216,32.7,19.2,48.1,8.0
Ronald Guzman,TEX,1B,26,78,3.83,0,0,0,7,24,8.1,-19.8,0.29,69.2,5.0,.244,.300,.336,50.0,25.0,25.0,30.8
Jordan Luplow,CLE,OF,29,78,4.33,0,3,0,12,19,13,-7.6,0.63,75.6,5.3,.192,.228,.296,32.7,15.4,51.9,3.7
Curt Casali,CIN,C,31,76,4.44,1,2,0,14,29,15.1,-16.1,0.48,61.8,9.1,.224,.268,.379,26.7,22.2,51.1,26.1
Jose Trevino,TEX,C,24,76,3.73,1,1,0,3,15,3.6,-14.5,0.20,80.3,0.0,.250,.288,.307,41.3,23.8,34.9,9.1
Edwin Rios,LAD,3B,32,76,3.53,0,2,0,4,18,4.8,-16.9,0.22,76.3,0.0,.250,.220,.403,34.5,19.0,46.6,29.6
Giancarlo Stanton,NYY,DH,23,76,4.41,0,4,1,15,27,16.1,-12.9,0.56,64.5,8.7,.250,.333,.429,44.2,27.9,27.9,33.3
Dee Strange-Gordon,SEA,2B,33,75,3.50,7,1,0,5,13,6.1,-9.8,0.38,82.7,26.3,.200,.242,.209,40.7,27.8,31.5,0.0
Mike Zunino,TB,C,28,75,4.55,0,0,0,6,37,7.1,-36.9,0.16,50.7,0.0,.147,.206,.252,21.2,12.1,66.7,18.2
Anderson Tejeda,TEX,SS,23,75,3.56,1,2,0,2,30,2.6,-36.4,0.07,60.0,38.5,.253,.381,.309,43.2,15.9,40.9,16.7
Mike Ford,NYY,1B,29,74,4.24,0,4,0,7,16,8.3,-10.7,0.44,78.4,0.0,.135,.143,.228,50.8,18.6,30.5,11.1
Jonathan Arauz,BOS,2B,25,72,4.19,0,0,0,8,21,10,-16.3,0.38,70.8,0.0,.250,.340,.243,40.9,38.6,20.5,0.0
Mitch Garver,MIN,C,23,72,4.69,0,1,0,7,37,8.6,-37.0,0.19,48.6,0.0,.167,.303,.235,38.9,22.2,38.9,14.3
Andrew Knapp,PHI,C,33,72,3.88,1,1,0,15,19,16.9,-4.5,0.79,73.6,0.0,.278,.353,.386,39.2,31.4,29.4,13.3
Stephen Vogt,ARI,C,26,72,3.78,1,1,0,8,18,9.9,-12.3,0.44,75.0,0.0,.167,.208,.228,36.5,11.5,51.9,3.7
Domingo Santana,CLE,OF,24,70,3.93,0,2,0,13,25,15.5,-14.3,0.52,64.3,0.0,.157,.209,.274,60.0,17.8,22.2,20.0
Nick Senzel,CIN,OF,23,70,3.28,0,2,0,6,15,7.8,-11.7,0.40,78.6,27.3,.186,.208,.279,35.3,19.6,45.1,8.7
Tim Locastro,ARI,OF,33,69,3.88,3,0,0,8,14,9.8,-7.3,0.57,79.7,19.0,.290,.340,.378,34.7,30.6,34.7,11.8
Jonathan Villar,TOR,2B,22,69,4.01,1,0,0,9,22,11.4,-16.5,0.41,68.1,33.3,.188,.277,.000,0.0,0.0,0.0,
Mitch Moreland,SD,1B,20,69,3.77,0,0,1,4,14,5.5,-13.7,0.29,79.7,0.0,.203,.226,.000,0.0,0.0,0.0,
Tyler Flowers,ATL,C,22,69,4.10,0,1,0,8,34,10,-32.5,0.24,50.7,0.0,.217,.412,.327,29.0,38.7,32.3,10.0
Elias Diaz,COL,C,26,68,3.70,0,4,0,5,15,6.8,-13.7,0.33,77.9,0.0,.235,.275,.302,38.8,26.5,34.7,11.8
Nate Lowe,TB,1B,21,67,3.88,0,2,2,9,28,11.8,-25.0,0.32,58.2,5.6,.224,.314,.386,42.9,28.6,28.6,50.0
Jose Garcia,CIN,SS,24,67,4.07,0,1,0,1,26,1.5,-36.8,0.04,61.2,14.3,.194,.317,.189,36.8,36.8,26.3,0.0
JT Riddle,PIT,3B,23,67,3.54,0,0,0,2,13,2.9,-15.9,0.15,80.6,11.1,.149,.170,.175,62.7,3.9,33.3,5.9
Jose Martinez,TB,DH,24,67,3.87,0,5,1,9,20,11.8,-14.5,0.45,70.1,0.0,.239,.311,.000,0.0,0.0,0.0,
Mitch Moreland,BOS,1B,22,67,3.78,1,0,1,11,18,13.9,-8.9,0.61,73.1,0.0,.328,.341,.000,0.0,0.0,0.0,
Sandy Leon,CLE,C,25,66,4.33,5,2,0,14,21,17.3,-8.6,0.67,68.2,0.0,.136,.163,.254,39.5,20.9,39.5,11.8
Brock Holt,WAS,3B,21,65,4.37,0,1,0,5,15,7.1,-14.3,0.33,76.9,6.3,.262,.340,.000,0.0,0.0,0.0,
Randy Arozarena,TB,OF,23,64,4.24,0,2,0,6,22,7.9,-21.1,0.27,65.6,26.7,.281,.314,.439,45.2,19.0,35.7,46.7
Kyle Farmer,CIN,2B,32,64,3.87,0,0,0,5,13,7.1,-11.4,0.38,79.7,5.3,.266,.333,.301,37.8,26.7,35.6,0.0
Gavin Lux,LAD,2B,19,63,4.01,0,0,0,6,19,8.7,-18.8,0.32,69.8,8.3,.175,.195,.269,48.8,14.0,37.2,18.8
Austin Nola,SD,C,19,63,4.08,0,2,0,9,17,12.2,-10.8,0.53,73.0,0.0,.222,.273,.000,0.0,0.0,0.0,
Andrew Velazquez,BAL,SS,40,63,4.17,12,2,0,10,23,13,-16.9,0.43,63.5,33.3,.159,.250,.232,48.6,16.2,35.1,0.0
Dwight Smith,BAL,OF,21,63,3.99,0,1,1,7,19,9.7,-16.7,0.37,69.8,6.3,.222,.286,.294,51.1,17.8,31.1,14.3
Vimael Machin,OAK,3B,24,63,3.73,1,4,0,8,10,11.3,-2.8,0.80,84.1,0.0,.206,.245,.253,44.0,30.0,26.0,0.0
Jeff Mathis,TEX,C,24,62,3.96,3,0,0,5,24,7.4,-27.9,0.21,61.3,10.0,.161,.200,.251,35.1,18.9,45.9,17.6
Miguel Andujar,NYY,OF,21,62,3.85,0,1,0,3,9,4.6,-9.2,0.33,85.5,0.0,.242,.269,.279,45.3,13.2,41.5,4.5
Edward Olivares,KC,OF,18,62,3.95,2,1,0,2,11,3.1,-13.8,0.18,82.3,6.7,.274,.306,.000,0.0,0.0,0.0,
Josh Naylor,CLE,OF,22,61,3.52,1,0,0,4,8,6.2,-6.2,0.50,86.9,0.0,.230,.264,.000,0.0,0.0,0.0,
Derek Dietrich,TEX,DH,25,61,4.05,0,4,0,9,21,12,-16.0,0.43,65.6,13.3,.197,.200,.349,40.0,25.0,35.0,35.7
Chadwick Tromp,SF,C,24,61,3.94,1,3,0,1,20,1.6,-29.7,0.05,67.2,0.0,.213,.243,.000,0.0,0.0,0.0,
Josh Rojas,ARI,2B,17,61,4.34,2,1,0,7,16,10,-12.9,0.44,73.8,11.1,.180,.244,.209,50.0,19.6,30.4,0.0
Santiago Espinal,TOR,SS,27,60,4.03,6,1,0,4,16,6.1,-18.2,0.25,73.3,6.3,.267,.364,.285,30.2,39.5,30.2,0.0
Starlin Castro,WAS,2B,16,60,4.16,0,0,0,3,13,4.8,-15.9,0.23,78.3,0.0,.267,.311,.327,36.2,21.3,42.6,10.0
Greg Garcia,SD,2B,35,60,4.08,5,0,0,7,18,9.9,-15.5,0.39,70.0,6.3,.200,.286,.245,53.7,17.1,29.3,0.0
Bubba Starling,KC,OF,35,59,4.03,4,0,0,4,27,6.3,-35.9,0.15,54.2,0.0,.169,.290,.207,48.5,24.2,27.3,11.1
Leury Garcia,CWS,SS,16,59,3.59,0,0,0,4,9,6.3,-7.9,0.44,84.7,0.0,.271,.277,.333,50.0,18.0,32.0,18.8
Luis Torrens,SEA,C,18,59,3.94,0,1,0,6,13,9.2,-10.8,0.46,78.0,0.0,.254,.311,.000,0.0,0.0,0.0,
Adeiny Hechavarria,ATL,2B,27,59,3.63,1,1,0,4,12,6.3,-12.7,0.33,79.7,0.0,.254,.319,.278,45.7,17.4,37.0,0.0
John Ryan Murphy,PIT,C,25,58,3.87,1,1,0,4,28,6.3,-38.1,0.14,51.7,0.0,.172,.333,.214,35.7,32.1,32.1,0.0
Aledmys Diaz,HOU,2B,17,58,3.66,0,1,0,1,12,1.7,-18.6,0.08,79.3,0.0,.241,.256,.301,43.2,22.7,34.1,13.3
Daniel Vogelbach,MIL,DH,19,58,4.52,0,2,0,8,18,11.9,-14.9,0.44,69.0,0.0,.328,.417,.000,0.0,0.0,0.0,
Austin Hedges,SD,C,29,57,4.07,7,3,0,6,18,8.5,-16.9,0.33,68.4,18.2,.158,.167,.000,0.0,0.0,0.0,
Daz Cameron,DET,OF,17,57,4.02,0,1,0,2,19,3.4,-28.8,0.11,66.7,10.0,.193,.289,.215,42.1,21.1,36.8,0.0
Luis Guillorme,NYM,2B,30,57,4.81,0,3,0,10,17,14.7,-10.3,0.59,70.2,8.7,.333,.475,.382,51.4,32.4,16.2,0.0
Jazz Chisholm,MIA,2B,21,56,4.24,2,0,0,5,19,8.1,-22.6,0.26,66.1,40.0,.161,.200,.212,37.0,14.8,48.1,7.7
Chad Pinder,OAK,2B,24,56,3.67,0,3,0,5,13,8.2,-13.1,0.38,76.8,0.0,.232,.268,.298,51.2,12.2,36.6,13.3
Ryan Jeffers,MIN,C,26,55,4.00,0,0,0,5,19,8.1,-22.6,0.26,65.5,0.0,.273,.364,.353,52.8,16.7,30.6,27.3
Ty France,SD,2B,20,55,3.69,0,1,0,5,15,8.2,-16.4,0.33,72.7,0.0,.309,.395,.000,0.0,0.0,0.0,
Danny Santana,TEX,1B,15,55,4.13,0,1,0,7,24,11.1,-27.0,0.29,56.4,20.0,.145,.233,.233,46.9,15.6,37.5,8.3
Daniel Vogelbach,SEA,DH,18,53,4.39,0,1,1,11,13,17.2,-3.1,0.85,75.5,0.0,.094,.079,.000,0.0,0.0,0.0,
Cam Gallagher,KC,C,25,53,4.07,2,0,0,6,11,10,-8.3,0.55,79.2,0.0,.283,.341,.349,38.1,31.0,31.0,7.7
Francisco Cervelli,MIA,C,16,53,3.55,1,3,0,8,14,12.9,-9.7,0.57,73.6,6.3,.245,.278,.358,43.6,20.5,35.9,21.4
Cameron Maybin,CHC,OF,18,52,3.80,0,1,0,3,12,5.4,-16.1,0.25,76.9,27.3,.250,.325,.000,0.0,0.0,0.0,
Chris Davis,BAL,1B,16,52,3.91,0,0,0,3,17,5.5,-25.5,0.18,67.3,0.0,.115,.171,.155,48.6,20.0,31.4,0.0
Hunter Pence,SF,OF,17,52,3.52,0,3,0,3,15,5.4,-21.4,0.20,71.2,0.0,.096,.086,.186,59.5,10.8,29.7,18.2
Jason Castro,LAA,C,18,52,4.50,0,1,0,10,23,16.1,-21.0,0.43,55.8,0.0,.192,.296,.000,0.0,0.0,0.0,
Tzu-Wei Lin,BOS,SS,26,52,3.88,4,1,0,2,17,3.5,-26.3,0.12,67.3,0.0,.154,.229,.160,38.7,16.1,45.2,0.0
Scott Heineman,TEX,OF,24,52,3.54,0,1,0,2,11,3.7,-16.7,0.18,78.8,50.0,.154,.175,.201,51.2,14.6,34.1,7.1
Grayson Greiner,DET,C,18,51,3.93,0,2,0,3,20,5.5,-30.9,0.15,60.8,0.0,.118,.107,.228,32.3,16.1,51.6,18.8
Jarrod Dyson,PIT,OF,21,51,3.91,5,0,0,4,10,7.3,-10.9,0.40,80.4,33.3,.157,.195,.000,0.0,0.0,0.0,
Jon Jay,ARI,OF,18,50,3.65,0,0,0,3,12,5.3,-15.8,0.25,76.0,0.0,.160,.189,.148,34.3,22.9,42.9,6.7
Christian Arroyo,BOS,3B,14,50,3.61,0,2,0,4,11,7.4,-13.0,0.36,78.0,0.0,.240,.250,.323,56.4,5.1,38.5,20.0
Sam Haggerty,SEA,OF,13,50,4.19,1,0,0,4,16,7.4,-22.2,0.25,68.0,33.3,.260,.364,.316,41.2,29.4,29.4,10.0
Matt Beaty,LAD,1B,21,50,3.41,1,3,0,2,14,3.7,-22.2,0.14,72.0,0.0,.220,.265,.285,47.2,25.0,27.8,20.0
Harold Castro,DET,OF,22,49,4.15,1,1,0,5,11,9.3,-11.1,0.45,77.6,0.0,.347,.447,.372,47.4,28.9,23.7,0.0
Todd Frazier,NYM,3B,14,49,3.82,0,1,0,1,16,2,-29.4,0.06,67.3,0.0,.224,.290,.000,0.0,0.0,0.0,
Alex Avila,MIN,C,23,49,4.31,0,2,0,11,22,17.7,-17.7,0.50,55.1,0.0,.184,.308,.307,33.3,40.7,25.9,14.3
Brian Goodwin,CIN,OF,20,49,4.27,0,1,0,5,19,9.1,-25.5,0.26,61.2,44.4,.163,.214,.000,0.0,0.0,0.0,
Matt Adams,ATL,DH,16,49,4.10,0,3,0,2,18,3.9,-31.4,0.11,63.3,0.0,.184,.241,.246,29.0,22.6,48.4,13.3
Jacob Nottingham,MIL,C,20,48,4.19,0,1,0,5,20,9.3,-27.8,0.25,58.3,0.0,.188,.208,.322,46.4,14.3,39.3,36.4
Thairo Estrada,NYY,2B,26,48,3.92,0,0,0,1,19,1.9,-34.6,0.05,60.4,12.5,.167,.250,.215,58.6,20.7,20.7,16.7
Kyle Higashioka,NYY,C,16,48,3.65,1,0,0,0,11,0,-22.9,0.00,77.1,0.0,.250,.242,.344,43.3,6.7,50.0,26.7
Eli White,TEX,OF,19,48,4.10,0,0,0,3,16,5.8,-25.0,0.19,66.7,20.0,.188,.281,.195,40.6,34.4,25.0,0.0
Anthony Bemboom,LAA,C,21,48,3.68,5,0,0,7,13,11.7,-10.0,0.54,72.9,7.7,.208,.219,.336,39.4,15.2,45.5,20.0
Aristides Aquino,CIN,OF,23,47,3.91,0,1,0,6,18,10.7,-21.4,0.33,61.7,9.1,.170,.222,.306,53.6,21.4,25.0,28.6
Monte Harrison,MIA,OF,32,47,4.27,0,0,0,4,26,7.8,-43.1,0.15,44.7,60.0,.170,.350,.206,63.2,10.5,26.3,20.0
Brandon Drury,TOR,3B,21,46,3.84,0,0,0,2,9,4.1,-14.3,0.22,80.4,0.0,.152,.189,.163,34.2,26.3,39.5,0.0
Yairo Munoz,BOS,OF,12,45,3.38,0,1,0,0,11,0,-24.4,0.00,75.6,22.2,.333,.424,.366,47.1,29.4,23.5,12.5
Jake Lamb,OAK,3B,13,45,4.12,0,1,0,2,8,4.1,-12.2,0.25,82.2,0.0,.267,.265,.000,0.0,0.0,0.0,
Mallex Smith,SEA,OF,14,45,3.74,3,1,0,2,13,4.3,-23.4,0.15,71.1,33.3,.133,.188,.159,71.9,6.3,21.9,0.0
Jace Peterson,MIL,OF,26,45,4.70,1,0,0,15,20,24.6,-8.2,0.75,55.6,4.8,.200,.304,.341,53.8,15.4,30.8,25.0
Magneuris Sierra,MIA,OF,19,44,3.89,8,0,0,5,9,9.4,-7.5,0.56,79.5,41.7,.250,.314,.310,58.8,14.7,26.5,0.0
Chad Wallach,MIA,C,15,44,3.94,2,1,0,3,12,6.3,-18.8,0.25,72.7,0.0,.227,.290,.248,46.4,14.3,39.3,9.1
Jake Lamb,ARI,3B,18,43,4.58,0,0,0,6,17,12,-22.0,0.35,60.5,10.0,.116,.192,.000,0.0,0.0,0.0,
Matt Davidson,CIN,DH,22,43,4.26,0,2,0,4,13,8.5,-19.1,0.31,69.8,0.0,.163,.148,.277,30.0,20.0,50.0,20.0
C.J. Cron,DET,1B,13,42,4.13,0,2,0,9,16,17.3,-13.5,0.56,61.9,0.0,.190,.182,.385,38.5,15.4,46.2,33.3
Robinson Chirinos,TEX,C,14,42,3.63,0,3,0,5,12,10.2,-14.3,0.42,71.4,0.0,.119,.167,.000,0.0,0.0,0.0,
Tyler Heineman,SF,C,15,42,3.60,7,0,0,4,6,8,-4.0,0.67,85.7,9.1,.190,.222,.239,27.3,15.2,57.6,0.0
Jack Mayfield,HOU,SS,21,42,4.00,1,1,0,2,14,4.3,-25.5,0.14,66.7,0.0,.190,.286,.209,34.5,20.7,44.8,0.0
Reese McGuire,TOR,C,19,41,3.49,5,1,0,0,11,0,-24.4,0.00,73.2,0.0,.073,.069,.095,65.5,10.3,24.1,14.3
Andrew Stevenson,WAS,OF,15,41,4.06,3,0,0,5,11,10.6,-12.8,0.45,73.2,20.0,.366,.464,.473,30.8,34.6,34.6,22.2
Chris Owings,COL,2B,17,41,3.52,0,0,0,3,11,6.8,-18.2,0.27,73.2,9.1,.268,.321,.333,36.7,20.0,43.3,15.4
Cameron Maybin,DET,OF,14,41,4.11,0,3,0,4,13,8.9,-20.0,0.31,68.3,0.0,.244,.333,.000,0.0,0.0,0.0,
Drew Butera,COL,C,29,39,4.30,1,3,0,2,11,4.7,-20.9,0.18,71.8,0.0,.154,.214,.182,39.3,14.3,46.4,0.0
Neil Walker,PHI,2B,18,39,4.20,0,0,0,1,13,2.4,-29.3,0.08,66.7,0.0,.231,.346,.240,29.6,29.6,40.7,0.0
Manny Pina,MIL,C,15,39,3.98,0,0,0,3,11,6.7,-17.8,0.27,71.8,0.0,.231,.269,.334,17.9,35.7,46.4,15.4
Andrew Benintendi,BOS,OF,14,39,4.40,3,1,0,11,17,21.2,-11.5,0.65,56.4,21.4,.103,.182,.240,57.1,4.8,38.1,0.0
Francisco Mejia,SD,C,17,39,3.81,1,1,0,1,9,2.4,-19.0,0.11,76.9,0.0,.077,.069,.152,40.0,13.3,46.7,7.1
Phillip Ervin,SEA,OF,18,39,4.47,0,1,0,8,14,17,-12.8,0.57,64.1,0.0,.205,.320,.000,0.0,0.0,0.0,
Lewin Diaz,MIA,1B,14,39,4.15,0,2,0,2,12,4.9,-24.4,0.17,69.2,0.0,.154,.222,.182,40.7,11.1,48.1,0.0
Joe Odom,SEA,C,18,39,4.43,1,1,0,4,20,9.1,-36.4,0.20,48.7,0.0,.128,.263,.180,50.0,27.8,22.2,0.0
Phillip Evans,PIT,3B,11,39,3.53,0,1,0,5,7,11.1,-4.4,0.71,82.1,6.3,.359,.419,.413,46.9,18.8,34.4,9.1
LaMonte Wade,MIN,OF,16,39,4.36,0,0,0,4,9,9.1,-11.4,0.44,76.9,20.0,.231,.300,.287,36.7,16.7,46.7,0.0
Jonah Heim,OAK,C,13,38,3.51,0,1,0,3,3,7.3,0.0,1.00,92.1,0.0,.211,.229,.224,42.9,17.1,40.0,0.0
Mike Freeman,CLE,2B,24,38,3.19,2,0,0,3,11,7,-18.6,0.27,71.1,0.0,.237,.333,.278,25.9,33.3,40.7,0.0
Dustin Garneau,HOU,C,17,38,3.83,2,1,0,6,15,13,-19.6,0.40,60.5,0.0,.158,.227,.246,28.6,19.0,52.4,9.1
Franchy Cordero,KC,OF,16,38,4.10,0,1,0,4,4,9.5,0.0,1.00,89.5,14.3,.211,.188,.320,61.8,11.8,26.5,22.2
Tyrone Taylor,MIL,OF,22,38,3.85,0,1,0,2,8,4.9,-14.6,0.25,78.9,0.0,.237,.250,.351,41.4,10.3,48.3,14.3
Eddy Alvarez,MIA,2B,12,37,4.07,0,0,0,3,16,7.3,-31.7,0.19,56.8,22.2,.189,.333,.229,76.2,9.5,14.3,0.0
Bradley Zimmer,CLE,OF,20,37,4.26,1,2,0,7,14,14,-14.0,0.50,62.2,25.0,.162,.227,.300,47.8,8.7,43.5,10.0
Pavin Smith,ARI,1B,12,37,3.61,0,0,0,5,8,11.4,-6.8,0.63,78.4,7.7,.270,.321,.325,45.2,32.3,22.6,14.3
Josh VanMeter,ARI,2B,12,36,4.10,0,0,0,4,8,9.8,-9.8,0.50,77.8,0.0,.194,.222,.000,0.0,0.0,0.0,
Josh Naylor,SD,OF,18,36,3.89,0,2,0,1,4,2.6,-7.9,0.25,88.9,11.1,.278,.290,.000,0.0,0.0,0.0,
Mark Mathias,MIL,OF,16,36,3.94,1,0,0,0,7,0,-19.4,0.00,80.6,14.3,.278,.345,.279,32.1,32.1,35.7,0.0
Lane Thomas,STL,OF,18,36,4.28,0,1,0,4,13,10,-22.5,0.31,63.9,0.0,.111,.136,.207,39.1,13.0,47.8,9.1
Phillip Ervin,CIN,OF,19,35,4.64,1,1,0,6,8,14.3,-4.8,0.75,77.1,11.1,.086,.111,.000,0.0,0.0,0.0,
Rangel Ravelo,STL,1B,13,35,3.88,0,0,0,4,6,9.8,-4.9,0.67,82.9,0.0,.171,.179,.238,50.0,10.7,39.3,9.1
Matt Wieters,STL,C,19,35,4.49,3,1,0,3,10,7.3,-17.1,0.30,71.4,0.0,.200,.280,.253,40.0,32.0,28.0,0.0
Logan Forsythe,MIA,3B,13,34,3.95,0,0,0,4,12,10.5,-21.1,0.33,64.7,0.0,.118,.143,.208,45.5,13.6,40.9,11.1
Josh VanMeter,CIN,2B,14,34,4.26,0,0,0,3,16,7.9,-34.2,0.19,52.9,33.3,.059,.059,.000,0.0,0.0,0.0,
Steven Duggar,SF,OF,21,34,3.69,1,1,0,1,11,2.8,-27.8,0.09,67.6,20.0,.176,.261,.209,52.2,21.7,26.1,0.0
Edward Olivares,SD,OF,13,34,4.03,1,0,0,2,14,5.6,-33.3,0.14,58.8,16.7,.176,.263,.000,0.0,0.0,0.0,
Jake Marisnick,NYM,OF,16,33,3.76,1,0,0,1,10,2.9,-26.5,0.10,69.7,0.0,.333,.429,.413,52.2,26.1,21.7,40.0
Robinson Chirinos,NYM,C,12,32,3.97,0,2,0,1,9,3,-24.2,0.11,71.9,0.0,.219,.273,.000,0.0,0.0,0.0,
Bryan Holaday,BAL,C,21,31,3.70,0,1,0,2,9,6.1,-21.2,0.22,71.0,0.0,.161,.227,.178,47.6,14.3,38.1,0.0
Derek Fisher,TOR,OF,16,31,4.56,0,0,0,7,11,17.9,-10.3,0.64,64.5,10.0,.226,.316,.353,42.9,9.5,47.6,10.0
Yoenis Cespedes,NYM,OF,8,31,3.97,0,1,0,2,15,5.9,-38.2,0.13,51.6,0.0,.161,.214,.275,37.5,18.8,43.8,28.6
Sam Huff,TEX,C,10,31,4.21,0,0,0,2,11,6.1,-27.3,0.18,64.5,0.0,.355,.471,.495,26.3,42.1,31.6,50.0
Austin Allen,OAK,C,14,31,4.00,0,0,0,1,14,3.1,-40.6,0.07,54.8,0.0,.194,.313,.238,23.5,23.5,52.9,11.1
Kevan Smith,TB,C,17,31,4.29,0,1,0,5,11,13.5,-16.2,0.45,64.5,0.0,.258,.368,.369,55.0,20.0,25.0,20.0
Brett Phillips,KC,OF,18,31,4.03,2,0,0,3,8,8.8,-14.7,0.38,74.2,50.0,.226,.273,.000,0.0,0.0,0.0,
Braden Bishop,SEA,OF,12,30,3.44,2,0,0,2,10,5.9,-23.5,0.20,66.7,20.0,.167,.250,.248,50.0,25.0,25.0,0.0
Brock Holt,MIL,3B,16,30,4.19,0,2,0,4,9,11.1,-13.9,0.44,70.0,0.0,.100,.143,.000,0.0,0.0,0.0,
Albert Almora,CHC,OF,28,30,3.88,1,0,0,3,9,8.8,-17.6,0.33,70.0,0.0,.167,.238,.224,57.1,9.5,33.3,0.0
Rob Refsnyder,TEX,DH,15,30,4.38,0,0,0,2,11,5.9,-26.5,0.18,63.3,0.0,.200,.316,.230,45.0,20.0,35.0,0.0
Travis Demeritte,DET,OF,18,29,4.55,0,0,0,3,14,9.1,-33.3,0.21,51.7,0.0,.172,.333,.231,40.0,33.3,26.7,0.0
Jason Castro,SD,C,9,28,4.23,0,1,0,2,10,6.7,-26.7,0.20,64.3,0.0,.179,.278,.000,0.0,0.0,0.0,
Erik Kratz,NYY,C,18,28,3.87,0,0,0,2,6,6.7,-13.3,0.33,78.6,0.0,.321,.409,.338,54.5,31.8,13.6,0.0
Steven Souza,CHC,OF,11,27,4.55,1,0,0,4,15,12.9,-35.5,0.27,44.4,20.0,.148,.273,.267,25.0,25.0,50.0,16.7
Wyatt Mathisen,ARI,3B,9,27,4.64,0,0,0,5,12,15.2,-21.2,0.42,55.6,0.0,.222,.308,.185,42.9,0.0,57.1,0.0
Jonathan Davis,TOR,OF,13,27,4.47,1,1,0,3,11,9.1,-24.2,0.27,59.3,14.3,.259,.400,.355,41.2,23.5,35.3,16.7
Andy Young,ARI,2B,12,26,4.15,0,0,0,5,10,14.7,-14.7,0.50,61.5,0.0,.192,.267,.354,50.0,25.0,25.0,25.0
Jorge Mateo,SD,OF,22,26,4.04,1,1,0,1,11,3.6,-35.7,0.09,57.7,50.0,.154,.267,.172,15.4,46.2,38.5,0.0
Jake Fraley,SEA,OF,7,26,4.14,0,0,0,2,11,6.9,-31.0,0.18,57.7,75.0,.154,.267,.233,26.7,33.3,40.0,0.0
Yadiel Hernandez,WAS,DH,12,26,4.32,0,0,0,1,12,3.6,-39.3,0.08,53.8,0.0,.192,.308,.296,53.8,23.1,23.1,33.3
Greg Allen,CLE,OF,15,25,3.93,1,0,0,1,9,3.6,-28.6,0.11,64.0,33.3,.160,.200,.000,0.0,0.0,0.0,
Jesus Sanchez,MIA,OF,10,25,4.31,0,1,0,4,11,13.8,-24.1,0.36,56.0,0.0,.040,.071,.139,57.1,14.3,28.6,0.0
Logan Morrison,MIL,1B,9,25,4.64,0,0,0,3,8,10.7,-17.9,0.38,68.0,0.0,.120,.125,.226,47.1,17.6,35.3,16.7
Ramon Urias,BAL,2B,10,25,4.00,0,1,0,2,6,7.4,-14.8,0.33,76.0,0.0,.360,.444,.421,47.4,31.6,21.1,25.0
Alejandro Kirk,TOR,C,9,24,3.40,0,0,0,1,4,4,-12.0,0.25,83.3,0.0,.375,.421,.427,55.0,20.0,25.0,20.0
Tomas Nido,NYM,C,7,24,3.50,0,2,0,2,6,7.7,-15.4,0.33,75.0,0.0,.292,.313,.400,66.7,11.1,22.2,50.0
Christian Colon,CIN,2B,11,23,3.42,1,1,0,1,3,4.2,-8.3,0.33,87.0,33.3,.130,.150,.156,55.0,5.0,40.0,0.0
Billy Hamilton,NYM,OF,17,22,3.16,2,0,0,1,3,4,-8.0,0.33,86.4,200.0,.045,.053,.000,0.0,0.0,0.0,
Ildemaro Vargas,MIN,2B,10,22,4.25,0,1,0,1,2,4.2,-4.2,0.50,90.9,0.0,.227,.250,.000,0.0,0.0,0.0,
Isan Diaz,MIA,2B,7,22,4.41,0,0,0,0,7,0,-31.8,0.00,68.2,0.0,.182,.267,.162,46.7,33.3,20.0,0.0
Kyle Garlick,PHI,OF,12,22,3.35,0,0,0,0,7,0,-30.4,0.00,68.2,0.0,.136,.200,.164,46.7,20.0,33.3,0.0
Taylor Jones,HOU,1B,7,21,4.41,0,2,0,1,7,4.5,-27.3,0.14,66.7,0.0,.190,.231,.265,50.0,7.1,42.9,16.7
Brendan Rodgers,COL,2B,7,21,3.90,0,0,0,0,6,0,-28.6,0.00,71.4,0.0,.095,.133,.103,73.3,0.0,26.7,0.0
Sergio Alcantara,DET,SS,10,21,3.22,0,0,0,2,4,8.7,-8.7,0.50,81.0,0.0,.143,.125,.260,35.3,11.8,52.9,11.1
Matt Thaiss,LAA,3B,8,21,4.40,0,1,0,4,8,16,-16.0,0.50,61.9,0.0,.143,.167,.266,46.2,15.4,38.5,20.0
Meibrys Viloria,KC,C,15,21,3.92,2,0,0,2,9,8.3,-29.2,0.22,57.1,0.0,.190,.333,.252,54.5,36.4,9.1,0.0
Jose Martinez,CHC,DH,10,21,4.55,0,1,0,1,7,4.5,-27.3,0.14,66.7,0.0,.000,.000,.000,0.0,0.0,0.0,
Daniel Robertson,SF,2B,13,21,3.75,0,0,0,3,6,12.5,-12.5,0.50,71.4,0.0,.333,.467,.346,53.3,33.3,13.3,0.0
Beau Taylor,CLE,C,7,21,4.29,1,0,0,2,9,8.3,-29.2,0.22,57.1,0.0,.048,.083,.099,66.7,16.7,16.7,0.0
Nicky Delmonico,CWS,OF,6,20,4.36,0,2,0,2,2,9.1,0.0,1.00,90.0,0.0,.150,.167,.184,55.6,16.7,27.8,0.0
Ildemaro Vargas,ARI,2B,8,20,4.67,0,1,0,1,5,4.8,-19.0,0.20,75.0,0.0,.150,.200,.000,0.0,0.0,0.0,
Sherten Apostel,TEX,3B,7,20,4.33,0,0,0,1,9,4.8,-38.1,0.11,55.0,0.0,.100,.182,.136,72.7,18.2,9.1,0.0
Brett Phillips,TB,OF,17,20,4.48,2,0,0,5,7,20,-8.0,0.71,65.0,50.0,.150,.167,.000,0.0,0.0,0.0,
Brent Rooker,MIN,OF,7,19,4.05,0,0,0,0,5,0,-23.8,0.00,73.7,0.0,.316,.385,.417,35.7,42.9,21.4,33.3
Mason Williams,BAL,OF,10,18,3.72,0,0,0,0,9,0,-50.0,0.00,50.0,100.0,.111,.222,.139,66.7,11.1,22.2,0.0
Lorenzo Cain,MIL,OF,5,18,3.48,0,1,1,3,2,14.3,4.8,1.50,88.9,0.0,.333,.375,.355,50.0,37.5,12.5,0.0
Mark Payton,CIN,OF,8,18,4.15,1,1,0,2,5,10,-15.0,0.40,72.2,25.0,.167,.231,.222,46.2,0.0,53.8,0.0
Joe Hudson,SEA,C,9,17,3.85,1,0,0,2,5,10,-15.0,0.40,70.6,0.0,.176,.250,.000,0.0,0.0,0.0,
Kevin Cron,ARI,1B,8,17,4.10,0,0,0,1,7,5,-30.0,0.14,58.8,0.0,.000,.000,.107,20.0,20.0,60.0,0.0
Franklin Barreto,LAA,2B,6,17,3.00,1,0,0,0,8,0,-44.4,0.00,52.9,50.0,.118,.222,.000,0.0,0.0,0.0,
Guillermo Heredia,NYM,OF,7,17,3.22,0,0,0,1,5,5.6,-22.2,0.20,70.6,0.0,.235,.200,.000,0.0,0.0,0.0,
Eric Haase,DET,C,7,17,4.47,0,0,0,1,6,5.3,-26.3,0.17,64.7,0.0,.176,.273,.353,60.0,0.0,40.0,0.0
Jake Noll,WAS,1B,7,17,4.00,0,1,0,0,4,0,-23.5,0.00,76.5,0.0,.353,.462,.336,46.2,30.8,23.1,0.0
Max Schrock,STL,2B,11,17,4.00,0,0,0,0,6,0,-35.3,0.00,64.7,0.0,.176,.200,.228,36.4,18.2,45.5,20.0
Tyler Stephenson,CIN,C,8,17,4.45,0,0,0,2,9,10,-35.0,0.22,47.1,0.0,.294,.500,.449,37.5,25.0,37.5,66.7
Zack Collins,CWS,DH,9,16,4.39,0,0,0,2,5,11.1,-16.7,0.40,68.8,0.0,.063,.091,.147,27.3,18.2,54.5,0.0
Willians Astudillo,MIN,C,8,16,2.56,0,0,0,0,2,0,-12.5,0.00,87.5,0.0,.250,.231,.322,7.1,35.7,57.1,12.5
Jared Oliva,PIT,OF,6,16,3.56,0,0,0,0,6,0,-37.5,0.00,62.5,33.3,.188,.300,.167,50.0,20.0,30.0,0.0
Andrew Knizner,STL,C,8,16,3.82,0,2,0,0,5,0,-29.4,0.00,68.8,0.0,.250,.364,.232,66.7,25.0,8.3,0.0
Guillermo Heredia,PIT,OF,8,16,3.78,0,0,0,2,4,11.1,-11.1,0.50,75.0,20.0,.188,.250,.000,0.0,0.0,0.0,
Yolmer Sanchez,CWS,2B,12,16,4.71,1,1,0,5,5,23.8,0.0,1.00,68.8,0.0,.313,.400,.414,55.6,33.3,11.1,0.0
Anthony Alford,TOR,OF,13,16,4.06,0,0,0,0,7,0,-43.8,0.00,56.3,150.0,.188,.250,.000,0.0,0.0,0.0,
Josh Phegley,CHC,C,11,16,3.89,0,0,0,1,3,5.6,-11.1,0.33,81.3,0.0,.063,.000,.195,53.8,0.0,46.2,16.7
Travis Jankowski,CIN,OF,16,15,4.47,1,1,0,2,7,11.8,-29.4,0.29,53.3,100.0,.067,.125,.134,62.5,25.0,12.5,0.0
Brian Dozier,NYM,2B,7,15,3.13,0,1,0,1,5,6.3,-25.0,0.20,66.7,0.0,.133,.200,.154,20.0,20.0,60.0,0.0
Erick Mejia,KC,OF,8,14,4.00,1,0,0,0,7,0,-46.7,0.00,50.0,0.0,.071,.143,.091,14.3,28.6,57.1,0.0
Luis Alexander Basabe,SF,OF,9,14,4.33,0,0,0,4,5,22.2,-5.6,0.80,64.3,33.3,.143,.222,.252,55.6,0.0,44.4,0.0
Mickey Moniak,PHI,OF,8,14,4.22,0,0,0,4,6,22.2,-11.1,0.67,57.1,0.0,.214,.375,.302,62.5,25.0,12.5,0.0
Wilmer Difo,WAS,SS,12,14,4.61,0,0,0,3,4,16.7,-5.6,0.75,71.4,0.0,.071,.100,.164,27.3,36.4,36.4,0.0
Brandon Dixon,DET,1B,5,13,3.71,0,1,0,1,4,7.1,-21.4,0.25,69.2,0.0,.077,.111,.063,66.7,0.0,33.3,0.0
Donovan Walton,SEA,SS,5,13,3.57,0,1,0,1,5,7.1,-28.6,0.20,61.5,50.0,.154,.250,.204,62.5,0.0,37.5,0.0
Sean Rodriguez,MIA,3B,4,13,3.85,0,0,0,0,6,0,-46.2,0.00,53.8,0.0,.154,.286,.137,42.9,14.3,42.9,0.0
Nick Heath,KC,OF,15,13,5.00,1,0,0,2,6,11.8,-23.5,0.33,53.8,133.3,.154,.286,.266,42.9,57.1,0.0,
Austin Hedges,CLE,C,6,12,3.83,0,0,0,0,5,0,-41.7,0.00,58.3,0.0,.083,.143,.000,0.0,0.0,0.0,
Anthony Alford,PIT,OF,5,12,3.31,0,0,0,1,1,7.7,0.0,1.00,91.7,0.0,.250,.200,.000,0.0,0.0,0.0,
Daniel Johnson,CLE,OF,5,12,3.77,0,0,1,1,5,7.7,-30.8,0.20,58.3,0.0,.083,.143,.074,42.9,14.3,42.9,0.0
Jaylin Davis,SF,OF,4,12,4.17,0,0,0,0,6,0,-50.0,0.00,50.0,0.0,.167,.200,.249,33.3,16.7,50.0,33.3
Jorge Ona,SD,OF,5,12,4.27,0,0,0,2,7,13.3,-33.3,0.29,41.7,0.0,.250,.500,.424,40.0,20.0,40.0,50.0
Derek Hill,DET,OF,15,11,4.08,0,0,0,1,6,8.3,-41.7,0.17,45.5,0.0,.091,.200,.132,60.0,20.0,20.0,0.0
Yu Chang,CLE,3B,10,11,4.23,0,2,0,2,4,15.4,-15.4,0.50,63.6,0.0,.182,.286,.243,71.4,14.3,14.3,0.0
Matt Reynolds,KC,3B,3,11,4.09,0,0,0,0,7,0,-63.6,0.00,36.4,0.0,.000,.000,.000,75.0,0.0,25.0,0.0
Abraham Almonte,SD,OF,7,11,3.08,0,0,0,2,4,15.4,-15.4,0.50,63.6,66.7,.091,.143,.175,57.1,0.0,42.9,0.0
Luis Torrens,SD,C,7,11,2.77,1,0,0,1,2,7.7,-7.7,0.50,81.8,0.0,.273,.333,.000,0.0,0.0,0.0,
Jordy Mercer,NYY,SS,6,11,4.54,0,0,0,2,1,15.4,7.7,2.00,90.9,0.0,.182,.200,.000,0.0,0.0,0.0,
Ryan Lavarnway,MIA,C,5,11,4.00,0,0,0,0,2,0,-18.2,0.00,81.8,0.0,.364,.444,.324,44.4,33.3,22.2,0.0
Billy Hamilton,CHC,OF,14,10,3.36,0,0,0,1,4,9.1,-27.3,0.25,60.0,133.3,.300,.400,.000,0.0,0.0,0.0,
Jarrod Dyson,CWS,OF,11,10,3.00,2,0,0,0,1,0,-9.1,0.00,90.0,66.7,.300,.333,.000,0.0,0.0,0.0,
Franklin Barreto,OAK,2B,15,10,4.00,0,0,0,0,7,0,-70.0,0.00,30.0,0.0,.000,.000,.000,0.0,0.0,0.0,
Harold Ramirez,MIA,OF,3,10,3.91,0,0,0,1,2,9.1,-9.1,0.50,80.0,33.3,.200,.250,.225,50.0,12.5,37.5,0.0
Dawel Lugo,DET,3B,9,10,4.18,0,1,0,1,1,9.1,0.0,1.00,90.0,0.0,.200,.222,.225,66.7,0.0,33.3,0.0
William Contreras,ATL,C,4,10,3.60,0,0,0,0,4,0,-40.0,0.00,60.0,0.0,.400,.667,.394,16.7,66.7,16.7,0.0
Joe McCarthy,SF,OF,4,10,3.90,0,0,0,0,5,0,-50.0,0.00,50.0,0.0,.000,.000,.000,40.0,0.0,60.0,0.0
Ildemaro Vargas,CHC,2B,6,9,4.00,0,0,0,0,3,0,-33.3,0.00,66.7,0.0,.222,.200,.000,0.0,0.0,0.0,
Jason Martin,PIT,OF,7,9,4.64,0,0,0,2,4,18.2,-18.2,0.50,55.6,0.0,.000,.000,.125,60.0,0.0,40.0,0.0
Kelvin Gutierrez,KC,3B,4,9,4.75,0,0,0,3,6,25,-25.0,0.50,33.3,0.0,.111,.333,.247,33.3,66.7,0.0,
Ali Sanchez,NYM,C,5,9,4.10,0,2,0,1,3,10,-20.0,0.33,66.7,0.0,.111,.167,.158,50.0,0.0,50.0,0.0
Ryan Goins,CWS,3B,14,9,4.00,0,0,0,1,1,10,0.0,1.00,88.9,0.0,.000,.000,.069,37.5,0.0,62.5,0.0
Jordy Mercer,DET,SS,3,9,4.33,0,1,0,0,1,0,-11.1,0.00,88.9,0.0,.222,.250,.000,0.0,0.0,0.0,
Caleb Joseph,TOR,C,3,8,4.11,0,0,0,1,1,11.1,0.0,1.00,87.5,0.0,.125,.000,.310,57.1,14.3,28.6,50.0
Cesar Puello,BOS,OF,5,8,3.18,1,0,0,2,2,18.2,0.0,1.00,75.0,0.0,.375,.500,.284,100.0,0.0,0.0,
Rafael Marchan,PHI,C,3,8,3.67,0,0,0,1,2,11.1,-11.1,0.50,75.0,0.0,.500,.600,.607,33.3,50.0,16.7,100.0
Yordan Alvarez,HOU,DH,2,8,3.89,0,1,0,0,1,0,-11.1,0.00,87.5,0.0,.250,.167,.412,57.1,14.3,28.6,50.0
Garrett Stubbs,HOU,C,14,8,2.40,2,0,0,0,0,0,0.0,0.00,100.0,100.0,.125,.125,.099,55.6,11.1,33.3,0.0
Keibert Ruiz,LAD,C,2,8,3.75,0,0,0,0,3,0,-37.5,0.00,62.5,0.0,.250,.250,.374,20.0,20.0,60.0,33.3
Michael Hermosillo,LAA,OF,7,8,2.90,1,0,0,1,1,10,0.0,1.00,87.5,33.3,.250,.286,.247,37.5,12.5,50.0,0.0
Ryan Cordell,NYM,OF,5,8,4.13,0,0,0,0,3,0,-37.5,0.00,62.5,100.0,.125,.200,.223,50.0,50.0,0.0,
Jahmai Jones,LAA,2B,3,7,3.43,0,0,0,0,2,0,-28.6,0.00,71.4,0.0,.429,.600,.223,66.7,33.3,0.0,
Ryon Healy,MIL,3B,4,7,2.86,0,0,0,0,2,0,-28.6,0.00,71.4,0.0,.143,.200,.148,50.0,0.0,50.0,0.0
Alex Jackson,ATL,C,5,7,3.71,0,1,0,0,4,0,-57.1,0.00,42.9,0.0,.286,.667,.309,33.3,33.3,33.3,0.0
Nate Orf,OAK,2B,6,7,2.86,0,0,0,0,1,0,-14.3,0.00,85.7,0.0,.000,.000,.000,25.0,50.0,25.0,0.0
Charlie Culberson,ATL,OF,10,7,4.29,0,0,0,0,4,0,-57.1,0.00,42.9,0.0,.143,.333,.181,33.3,33.3,33.3,0.0
Ronald Torreyes,PHI,SS,4,7,2.14,0,1,0,0,0,0,0.0,0.00,100.0,0.0,.143,.143,.181,57.1,14.3,28.6,0.0
Zach McKinstry,LAD,2B,4,7,4.57,0,1,0,0,3,0,-42.9,0.00,57.1,0.0,.286,.500,.309,50.0,50.0,0.0,
Hernan Perez,CHC,2B,3,6,3.17,0,0,0,0,2,0,-33.3,0.00,66.7,0.0,.167,.250,.148,50.0,50.0,0.0,
Justin Smoak,SF,1B,3,6,4.50,0,1,0,0,2,0,-33.3,0.00,66.7,0.0,.000,.000,.000,0.0,0.0,0.0,
Adolis Garcia,TEX,OF,3,6,4.71,0,0,0,1,4,14.3,-42.9,0.25,33.3,0.0,.000,.000,.099,50.0,0.0,50.0,0.0
Elliot Soto,LAA,SS,3,6,3.43,0,0,0,1,1,14.3,0.0,1.00,83.3,0.0,.333,.400,.407,60.0,40.0,0.0,
Joey Rickard,SF,OF,4,5,3.50,0,0,0,1,1,16.7,0.0,1.00,80.0,0.0,.000,.000,.115,50.0,0.0,50.0,0.0
Dilson Herrera,BAL,2B,3,5,5.67,0,0,0,0,4,0,-66.7,0.00,20.0,0.0,.000,.000,.120,0.0,0.0,100.0,0.0
Justin Williams,STL,OF,3,5,3.33,0,0,0,1,2,16.7,-16.7,0.50,60.0,0.0,.200,.333,.263,66.7,0.0,33.3,0.0
Jose Briceno,LAA,C,2,5,3.50,1,0,0,1,1,16.7,0.0,1.00,80.0,0.0,.200,.250,.263,33.3,33.3,33.3,0.0
Yadiel Rivera,TEX,SS,4,5,3.80,0,0,0,0,1,0,-20.0,0.00,80.0,0.0,.000,.000,.000,50.0,25.0,25.0,0.0
Brian Navarreto,MIA,C,2,5,3.00,0,0,0,0,1,0,-20.0,0.00,80.0,0.0,.400,.500,.356,0.0,50.0,50.0,0.0
Seth Brown,OAK,OF,7,5,4.20,0,0,0,0,2,0,-40.0,0.00,60.0,0.0,.000,.000,.000,33.3,0.0,66.7,0.0
Brian O'Grady,TB,OF,2,5,5.80,0,0,0,0,1,0,-20.0,0.00,80.0,100.0,.400,.500,.432,25.0,50.0,25.0,0.0
John Nogowski,STL,1B,1,4,3.50,0,0,0,0,1,0,-25.0,0.00,75.0,0.0,.250,.333,.000,0.0,0.0,0.0,
Daniel Vogelbach,TOR,DH,2,4,5.60,0,0,0,1,2,20,-20.0,0.50,50.0,0.0,.000,.000,.000,0.0,0.0,0.0,
Rene Rivera,NYM,C,2,4,4.75,0,0,0,0,3,0,-75.0,0.00,25.0,0.0,.250,1.000,.223,0.0,100.0,0.0,
Andrew Romine,TEX,SS,2,4,5.25,0,0,0,0,1,0,-25.0,0.00,75.0,0.0,.250,.333,.318,0.0,66.7,33.3,0.0
Austin Dean,STL,OF,3,4,5.29,0,0,0,3,2,42.9,14.3,1.50,50.0,0.0,.250,.500,.477,0.0,50.0,50.0,0.0
Oscar Hernandez,KC,C,4,4,2.50,0,1,0,0,1,0,-25.0,0.00,75.0,0.0,.500,.667,.445,66.7,33.3,0.0,
Cristian Pache,ATL,OF,2,4,3.75,0,0,0,0,2,0,-50.0,0.00,50.0,0.0,.250,.500,.223,100.0,0.0,0.0,
Will Craig,PIT,1B,2,4,5.50,0,0,0,0,1,0,-25.0,0.00,75.0,0.0,.000,.000,.000,33.3,33.3,33.3,0.0
Estevan Florial,NYY,OF,1,3,5.00,0,0,0,0,2,0,-66.7,0.00,33.3,0.0,.333,1.000,.297,0.0,100.0,0.0,
Luis Campusano,SD,C,1,3,4.50,0,0,0,0,2,0,-50.0,0.00,33.3,0.0,.333,.000,.705,0.0,0.0,100.0,100.0
Travis Blankenhorn,MIN,3B,1,3,3.25,0,0,0,0,0,0,0.0,0.00,100.0,0.0,.333,.333,.498,0.0,33.3,66.7,0.0
Billy McKinney,TOR,OF,2,3,3.33,0,0,0,0,0,0,0.0,0.00,100.0,0.0,.667,.667,.593,0.0,66.7,33.3,0.0
Emilio Bonifacio,WAS,OF,3,3,4.67,1,0,0,0,2,0,-66.7,0.00,33.3,0.0,.000,.000,.000,0.0,0.0,0.0,
Rob Brantly,SF,C,1,3,2.33,0,0,0,0,0,0,0.0,0.00,100.0,0.0,.000,.000,.000,66.7,0.0,33.3,0.0
Deivy Grullon,BOS,C,1,3,5.00,0,0,0,1,1,25,0.0,1.00,66.7,0.0,.333,.500,.395,0.0,50.0,50.0,0.0
Patrick Wisdom,CHC,1B,2,2,3.50,0,0,0,0,0,0,0.0,0.00,100.0,0.0,.000,.000,.000,0.0,0.0,100.0,0.0
Andrew Susac,PIT,C,1,2,3.50,0,0,0,2,0,50,50.0,0.00,100.0,0.0,.000,.000,.345,0.0,0.0,100.0,0.0
Pablo Sandoval,ATL,1B,1,2,4.75,0,0,0,2,1,50,25.0,2.00,50.0,0.0,.000,.000,.000,0.0,0.0,0.0,
Eduardo Nunez,NYM,2B,2,2,2.00,0,0,0,0,0,0,0.0,0.00,100.0,100.0,.500,.500,.445,50.0,0.0,50.0,0.0
Cheslor Cuthbert,CWS,1B,1,1,3.00,0,0,0,0,0,0,0.0,0.00,100.0,0.0,.000,.000,.000,0.0,0.0,100.0,0.0
Scott Schebler,ATL,OF,1,1,3.00,0,0,0,0,0,0,0.0,0.00,100.0,0.0,.000,.000,.000,100.0,0.0,0.0,
Aaron Whitefield,MIN,OF,3,1,1.00,0,0,0,0,0,0,0.0,0.00,100.0,0.0,.000,.000,.000,100.0,0.0,0.0,
Luis Gonzalez,CWS,OF,3,1,2.50,0,0,0,0,1,0,-50.0,0.00,0.0,0.0,.000,.000,.000,0.0,0.0,0.0,
Greg Allen,SD,OF,1,1,3.00,0,0,0,2,1,50,25.0,2.00,0.0,50.0,.000,.000,.000,0.0,0.0,0.0,
Yermin Mercedes,CWS,C,1,1,6.00,0,0,0,0,0,0,0.0,0.00,100.0,0.0,.000,.000,.000,0.0,0.0,0.0,